DeviceId,DeviceName,OSPlatform,OSVersion,OSArchitecture,SoftwareVendor,SoftwareName,SoftwareVersion,CveId,VulnerabilitySeverityLevel,RecommendedSecurityUpdate,RecommendedSecurityUpdateId,CveTags,CveMitigationStatus
,server01.<domain>.com,WindowsServer2019,10.0.17763.5206,x64,microsoft,windows_server_2019,10.0.17763.5206,CVE-2022-35737,High,January 2024 Security Updates,5034127,[],Fixed
,server01.<domain>.com,WindowsServer2019,10.0.17763.5206,x64,microsoft,windows_server_2019,10.0.17763.5206,CVE-2024-20652,High,January 2024 Security Updates,5034127,[],Fixed
,server01.<domain>.com,WindowsServer2019,10.0.17763.5206,x64,microsoft,windows_server_2019,10.0.17763.5206,CVE-2024-20653,High,January 2024 Security Updates,5034127,[],Fixed
,server01.<domain>.com,WindowsServer2019,10.0.17763.5206,x64,microsoft,windows_server_2019,10.0.17763.5206,CVE-2024-20654,High,January 2024 Security Updates,5034127,[],Fixed
,server01.<domain>.com,WindowsServer2019,10.0.17763.5206,x64,microsoft,windows_server_2019,10.0.17763.5206,CVE-2024-20657,High,January 2024 Security Updates,5034127,[],Fixed
,server01.<domain>.com,WindowsServer2019,10.0.17763.5206,x64,microsoft,windows_server_2019,10.0.17763.5206,CVE-2024-20658,High,January 2024 Security Updates,5034127,[],Fixed
,server01.<domain>.com,WindowsServer2019,10.0.17763.5206,x64,microsoft,windows_server_2019,10.0.17763.5206,CVE-2024-20698,High,January 2024 Security Updates,5034127,[],Fixed
,server01.<domain>.com,WindowsServer2019,10.0.17763.5206,x64,microsoft,windows_server_2019,10.0.17763.5206,CVE-2024-20700,High,January 2024 Security Updates,5034127,[],Fixed
,server01.<domain>.com,WindowsServer2019,10.0.17763.5206,x64,microsoft,windows_server_2019,10.0.17763.5206,CVE-2024-21307,High,January 2024 Security Updates,5034127,[],Fixed
,server01.<domain>.com,WindowsServer2019,10.0.17763.5206,x64,microsoft,windows_server_2019,10.0.17763.5206,CVE-2024-21310,High,January 2024 Security Updates,5034127,[],Fixed
,server02.<domain>.com,WindowsServer2016,10.0.14393.6529,x64,microsoft,windows_server_2016,10.0.14393.6529,CVE-2024-20652,High,January 2024 Security Updates,5034119,[],Fixed
,server02.<domain>.com,WindowsServer2016,10.0.14393.6529,x64,microsoft,windows_server_2016,10.0.14393.6529,CVE-2024-20653,High,January 2024 Security Updates,5034119,[],Fixed
,server02.<domain>.com,WindowsServer2016,10.0.14393.6529,x64,microsoft,windows_server_2016,10.0.14393.6529,CVE-2024-20654,High,January 2024 Security Updates,5034119,[],Fixed
,server02.<domain>.com,WindowsServer2016,10.0.14393.6529,x64,microsoft,windows_server_2016,10.0.14393.6529,CVE-2024-20657,High,January 2024 Security Updates,5034119,[],Fixed
,server02.<domain>.com,WindowsServer2016,10.0.14393.6529,x64,microsoft,windows_server_2016,10.0.14393.6529,CVE-2024-20658,High,January 2024 Security Updates,5034119,[],Fixed
,server02.<domain>.com,WindowsServer2016,10.0.14393.6529,x64,microsoft,windows_server_2016,10.0.14393.6529,CVE-2024-20661,High,January 2024 Security Updates,5034119,[],Fixed
,server02.<domain>.com,WindowsServer2016,10.0.14393.6529,x64,microsoft,windows_server_2016,10.0.14393.6529,CVE-2024-20674,High,January 2024 Security Updates,5034119,[],
,server02.<domain>.com,WindowsServer2016,10.0.14393.6529,x64,microsoft,windows_server_2016,10.0.14393.6529,CVE-2024-20682,High,January 2024 Security Updates,5034119,[],
,server02.<domain>.com,WindowsServer2016,10.0.14393.6529,x64,microsoft,windows_server_2016,10.0.14393.6529,CVE-2024-20683,High,January 2024 Security Updates,5034119,[],
,server02.<domain>.com,WindowsServer2016,10.0.14393.6529,x64,microsoft,windows_server_2016,10.0.14393.6529,CVE-2024-20687,High,January 2024 Security Updates,5034119,[],
,server02.<domain>.com,WindowsServer2016,10.0.14393.6529,x64,microsoft,windows_server_2016,10.0.14393.6529,CVE-2024-21307,High,January 2024 Security Updates,5034119,[],
,server03.<domain>.com,WindowsServer2016,10.0.14393.6529,x64,microsoft,windows_server_2016,10.0.14393.6529,CVE-2024-20652,High,January 2024 Security Updates,5034119,[],
,server03.<domain>.com,WindowsServer2016,10.0.14393.6529,x64,microsoft,windows_server_2016,10.0.14393.6529,CVE-2024-20653,High,January 2024 Security Updates,5034119,[],
,server03.<domain>.com,WindowsServer2016,10.0.14393.6529,x64,microsoft,windows_server_2016,10.0.14393.6529,CVE-2024-20654,High,January 2024 Security Updates,5034119,[],
,server03.<domain>.com,WindowsServer2016,10.0.14393.6529,x64,microsoft,windows_server_2016,10.0.14393.6529,CVE-2024-20657,High,January 2024 Security Updates,5034119,[],
,server03.<domain>.com,WindowsServer2016,10.0.14393.6529,x64,microsoft,windows_server_2016,10.0.14393.6529,CVE-2024-20658,High,January 2024 Security Updates,5034119,[],
,server03.<domain>.com,WindowsServer2016,10.0.14393.6529,x64,microsoft,windows_server_2016,10.0.14393.6529,CVE-2024-20661,High,January 2024 Security Updates,5034119,[],
,server03.<domain>.com,WindowsServer2016,10.0.14393.6529,x64,microsoft,windows_server_2016,10.0.14393.6529,CVE-2024-20674,High,January 2024 Security Updates,5034119,[],
,server03.<domain>.com,WindowsServer2016,10.0.14393.6529,x64,microsoft,windows_server_2016,10.0.14393.6529,CVE-2024-20682,High,January 2024 Security Updates,5034119,[],
,server03.<domain>.com,WindowsServer2016,10.0.14393.6529,x64,microsoft,windows_server_2016,10.0.14393.6529,CVE-2024-20683,High,January 2024 Security Updates,5034119,[],
,server03.<domain>.com,WindowsServer2016,10.0.14393.6529,x64,microsoft,windows_server_2016,10.0.14393.6529,CVE-2024-20687,High,January 2024 Security Updates,5034119,[],
,server03.<domain>.com,WindowsServer2016,10.0.14393.6529,x64,microsoft,windows_server_2016,10.0.14393.6529,CVE-2024-21307,High,January 2024 Security Updates,5034119,[],
,server04.<domain>.com,WindowsServer2019,10.0.17763.4851,x64,microsoft,windows_server_2019,10.0.17763.4851,CVE-2022-35737,High,January 2024 Security Updates,5034127,[],
,server04.<domain>.com,WindowsServer2019,10.0.17763.4851,x64,microsoft,windows_server_2019,10.0.17763.4851,CVE-2022-37967,High,November 2022 Security Updates (Last updated at October 2023),5031361,[],
,server04.<domain>.com,WindowsServer2019,10.0.17763.4851,x64,microsoft,windows_server_2019,10.0.17763.4851,CVE-2023-21740,High,December 2023 Security Updates,5033371,[],
,server04.<domain>.com,WindowsServer2019,10.0.17763.4851,x64,microsoft,windows_server_2019,10.0.17763.4851,CVE-2023-35349,Critical,October 2023 Security Updates,5031361,[],
,server04.<domain>.com,WindowsServer2019,10.0.17763.4851,x64,microsoft,windows_server_2019,10.0.17763.4851,CVE-2023-35622,High,December 2023 Security Updates,5033371,[],
,server04.<domain>.com,WindowsServer2019,10.0.17763.4851,x64,microsoft,windows_server_2019,10.0.17763.4851,CVE-2023-35628,High,December 2023 Security Updates,5033371,[],
,server04.<domain>.com,WindowsServer2019,10.0.17763.4851,x64,microsoft,windows_server_2019,10.0.17763.4851,CVE-2023-35630,High,December 2023 Security Updates,5033371,[],
,server04.<domain>.com,WindowsServer2019,10.0.17763.4851,x64,microsoft,windows_server_2019,10.0.17763.4851,CVE-2023-35632,High,December 2023 Security Updates,5033371,[],
,server04.<domain>.com,WindowsServer2019,10.0.17763.4851,x64,microsoft,windows_server_2019,10.0.17763.4851,CVE-2023-35638,High,December 2023 Security Updates,5033371,[],
,server04.<domain>.com,WindowsServer2019,10.0.17763.4851,x64,microsoft,windows_server_2019,10.0.17763.4851,CVE-2023-35639,High,December 2023 Security Updates,5033371,[],
,server04.<domain>.com,WindowsServer2019,10.0.17763.4851,x64,microsoft,windows_server_2019,10.0.17763.4851,CVE-2023-35641,High,December 2023 Security Updates,5033371,[],
,server04.<domain>.com,WindowsServer2019,10.0.17763.4851,x64,microsoft,windows_server_2019,10.0.17763.4851,CVE-2023-35643,High,December 2023 Security Updates,5033371,[],
,server04.<domain>.com,WindowsServer2019,10.0.17763.4851,x64,microsoft,windows_server_2019,10.0.17763.4851,CVE-2023-35644,High,December 2023 Security Updates,5033371,[],
,server04.<domain>.com,WindowsServer2019,10.0.17763.4851,x64,microsoft,windows_server_2019,10.0.17763.4851,CVE-2023-36004,High,December 2023 Security Updates,5033371,[],
,server04.<domain>.com,WindowsServer2019,10.0.17763.4851,x64,microsoft,windows_server_2019,10.0.17763.4851,CVE-2023-36005,High,December 2023 Security Updates,5033371,[],
,server04.<domain>.com,WindowsServer2019,10.0.17763.4851,x64,microsoft,windows_server_2019,10.0.17763.4851,CVE-2023-36006,High,December 2023 Security Updates,5033371,[],
,server04.<domain>.com,WindowsServer2019,10.0.17763.4851,x64,microsoft,windows_server_2019,10.0.17763.4851,CVE-2023-36011,High,December 2023 Security Updates,5033371,[],
,server04.<domain>.com,WindowsServer2019,10.0.17763.4851,x64,microsoft,windows_server_2019,10.0.17763.4851,CVE-2023-36017,High,November 2023 Security Updates,5032196,[],
,server04.<domain>.com,WindowsServer2019,10.0.17763.4851,x64,microsoft,windows_server_2019,10.0.17763.4851,CVE-2023-36025,High,November 2023 Security Updates,5032196,[],
,server04.<domain>.com,WindowsServer2019,10.0.17763.4851,x64,microsoft,windows_server_2019,10.0.17763.4851,CVE-2023-36028,Critical,November 2023 Security Updates,5032196,[],
,server04.<domain>.com,WindowsServer2019,10.0.17763.4851,x64,microsoft,windows_server_2019,10.0.17763.4851,CVE-2023-36033,High,November 2023 Security Updates,5032196,[],
,server04.<domain>.com,WindowsServer2019,10.0.17763.4851,x64,microsoft,windows_server_2019,10.0.17763.4851,CVE-2023-36036,High,November 2023 Security Updates,5032196,[],
,server04.<domain>.com,WindowsServer2019,10.0.17763.4851,x64,microsoft,windows_server_2019,10.0.17763.4851,CVE-2023-36047,High,November 2023 Security Updates,5032196,[],
,server04.<domain>.com,WindowsServer2019,10.0.17763.4851,x64,microsoft,windows_server_2019,10.0.17763.4851,CVE-2023-36392,High,November 2023 Security Updates,5032196,[],
,server04.<domain>.com,WindowsServer2019,10.0.17763.4851,x64,microsoft,windows_server_2019,10.0.17763.4851,CVE-2023-36393,High,November 2023 Security Updates,5032196,[],
,server04.<domain>.com,WindowsServer2019,10.0.17763.4851,x64,microsoft,windows_server_2019,10.0.17763.4851,CVE-2023-36394,High,November 2023 Security Updates,5032196,[],
,server04.<domain>.com,WindowsServer2019,10.0.17763.4851,x64,microsoft,windows_server_2019,10.0.17763.4851,CVE-2023-36395,High,November 2023 Security Updates,5032196,[],
,server04.<domain>.com,WindowsServer2019,10.0.17763.4851,x64,microsoft,windows_server_2019,10.0.17763.4851,CVE-2023-36400,High,November 2023 Security Updates,5032196,[],
,server04.<domain>.com,WindowsServer2019,10.0.17763.4851,x64,microsoft,windows_server_2019,10.0.17763.4851,CVE-2023-36401,High,November 2023 Security Updates,5032196,[],
,server04.<domain>.com,WindowsServer2019,10.0.17763.4851,x64,microsoft,windows_server_2019,10.0.17763.4851,CVE-2023-36402,High,November 2023 Security Updates,5032196,[],
,server04.<domain>.com,WindowsServer2019,10.0.17763.4851,x64,microsoft,windows_server_2019,10.0.17763.4851,CVE-2023-36403,High,November 2023 Security Updates,5032196,[],
,server04.<domain>.com,WindowsServer2019,10.0.17763.4851,x64,microsoft,windows_server_2019,10.0.17763.4851,CVE-2023-36405,High,November 2023 Security Updates,5032196,[],
,server04.<domain>.com,WindowsServer2019,10.0.17763.4851,x64,microsoft,windows_server_2019,10.0.17763.4851,CVE-2023-36408,High,November 2023 Security Updates,5032196,[],
,server04.<domain>.com,WindowsServer2019,10.0.17763.4851,x64,microsoft,windows_server_2019,10.0.17763.4851,CVE-2023-36423,High,November 2023 Security Updates,5032196,[],
,server04.<domain>.com,WindowsServer2019,10.0.17763.4851,x64,microsoft,windows_server_2019,10.0.17763.4851,CVE-2023-36424,High,November 2023 Security Updates,5032196,[],
,server04.<domain>.com,WindowsServer2019,10.0.17763.4851,x64,microsoft,windows_server_2019,10.0.17763.4851,CVE-2023-36425,High,November 2023 Security Updates,5032196,[],
,server04.<domain>.com,WindowsServer2019,10.0.17763.4851,x64,microsoft,windows_server_2019,10.0.17763.4851,CVE-2023-36427,High,November 2023 Security Updates,5032196,[],
,server04.<domain>.com,WindowsServer2019,10.0.17763.4851,x64,microsoft,windows_server_2019,10.0.17763.4851,CVE-2023-36431,High,October 2023 Security Updates,5031361,[],
,server04.<domain>.com,WindowsServer2019,10.0.17763.4851,x64,microsoft,windows_server_2019,10.0.17763.4851,CVE-2023-36434,Critical,October 2023 Security Updates,5031361,[],
,server04.<domain>.com,WindowsServer2019,10.0.17763.4851,x64,microsoft,windows_server_2019,10.0.17763.4851,CVE-2023-36436,High,October 2023 Security Updates,5031361,[],
,server04.<domain>.com,WindowsServer2019,10.0.17763.4851,x64,microsoft,windows_server_2019,10.0.17763.4851,CVE-2023-36438,High,October 2023 Security Updates,5031361,[],
,server04.<domain>.com,WindowsServer2019,10.0.17763.4851,x64,microsoft,windows_server_2019,10.0.17763.4851,CVE-2023-36557,High,October 2023 Security Updates,5031361,[],
,server04.<domain>.com,WindowsServer2019,10.0.17763.4851,x64,microsoft,windows_server_2019,10.0.17763.4851,CVE-2023-36567,High,October 2023 Security Updates,5031361,[],
,server04.<domain>.com,WindowsServer2019,10.0.17763.4851,x64,microsoft,windows_server_2019,10.0.17763.4851,CVE-2023-36570,High,October 2023 Security Updates,5031361,[],
,server04.<domain>.com,WindowsServer2019,10.0.17763.4851,x64,microsoft,windows_server_2019,10.0.17763.4851,CVE-2023-36571,High,October 2023 Security Updates,5031361,[],
,server04.<domain>.com,WindowsServer2019,10.0.17763.4851,x64,microsoft,windows_server_2019,10.0.17763.4851,CVE-2023-36572,High,October 2023 Security Updates,5031361,[],
,server04.<domain>.com,WindowsServer2019,10.0.17763.4851,x64,microsoft,windows_server_2019,10.0.17763.4851,CVE-2023-36573,High,October 2023 Security Updates,5031361,[],
,server04.<domain>.com,WindowsServer2019,10.0.17763.4851,x64,microsoft,windows_server_2019,10.0.17763.4851,CVE-2023-36574,High,October 2023 Security Updates,5031361,[],
,server04.<domain>.com,WindowsServer2019,10.0.17763.4851,x64,microsoft,windows_server_2019,10.0.17763.4851,CVE-2023-36575,High,October 2023 Security Updates,5031361,[],
,server04.<domain>.com,WindowsServer2019,10.0.17763.4851,x64,microsoft,windows_server_2019,10.0.17763.4851,CVE-2023-36577,High,October 2023 Security Updates,5031361,[],
,server04.<domain>.com,WindowsServer2019,10.0.17763.4851,x64,microsoft,windows_server_2019,10.0.17763.4851,CVE-2023-36578,High,October 2023 Security Updates,5031361,[],
,server04.<domain>.com,WindowsServer2019,10.0.17763.4851,x64,microsoft,windows_server_2019,10.0.17763.4851,CVE-2023-36579,High,October 2023 Security Updates,5031361,[],
,server04.<domain>.com,WindowsServer2019,10.0.17763.4851,x64,microsoft,windows_server_2019,10.0.17763.4851,CVE-2023-36581,High,October 2023 Security Updates,5031361,[],
,server04.<domain>.com,WindowsServer2019,10.0.17763.4851,x64,microsoft,windows_server_2019,10.0.17763.4851,CVE-2023-36582,High,October 2023 Security Updates,5031361,[],
,server04.<domain>.com,WindowsServer2019,10.0.17763.4851,x64,microsoft,windows_server_2019,10.0.17763.4851,CVE-2023-36583,High,October 2023 Security Updates,5031361,[],
,server04.<domain>.com,WindowsServer2019,10.0.17763.4851,x64,microsoft,windows_server_2019,10.0.17763.4851,CVE-2023-36585,High,October 2023 Security Updates,5031361,[],
,server04.<domain>.com,WindowsServer2019,10.0.17763.4851,x64,microsoft,windows_server_2019,10.0.17763.4851,CVE-2023-36589,High,October 2023 Security Updates,5031361,[],
,server04.<domain>.com,WindowsServer2019,10.0.17763.4851,x64,microsoft,windows_server_2019,10.0.17763.4851,CVE-2023-36590,High,October 2023 Security Updates,5031361,[],
,server04.<domain>.com,WindowsServer2019,10.0.17763.4851,x64,microsoft,windows_server_2019,10.0.17763.4851,CVE-2023-36591,High,October 2023 Security Updates,5031361,[],
,server04.<domain>.com,WindowsServer2019,10.0.17763.4851,x64,microsoft,windows_server_2019,10.0.17763.4851,CVE-2023-36592,High,October 2023 Security Updates,5031361,[],
,server04.<domain>.com,WindowsServer2019,10.0.17763.4851,x64,microsoft,windows_server_2019,10.0.17763.4851,CVE-2023-36593,High,October 2023 Security Updates,5031361,[],
,server04.<domain>.com,WindowsServer2019,10.0.17763.4851,x64,microsoft,windows_server_2019,10.0.17763.4851,CVE-2023-36594,High,October 2023 Security Updates,5031361,[],
,server04.<domain>.com,WindowsServer2019,10.0.17763.4851,x64,microsoft,windows_server_2019,10.0.17763.4851,CVE-2023-36596,High,October 2023 Security Updates,5031361,[],
,server04.<domain>.com,WindowsServer2019,10.0.17763.4851,x64,microsoft,windows_server_2019,10.0.17763.4851,CVE-2023-36598,High,October 2023 Security Updates,5031361,[],
,server04.<domain>.com,WindowsServer2019,10.0.17763.4851,x64,microsoft,windows_server_2019,10.0.17763.4851,CVE-2023-36602,High,October 2023 Security Updates,5031361,[],
,server04.<domain>.com,WindowsServer2019,10.0.17763.4851,x64,microsoft,windows_server_2019,10.0.17763.4851,CVE-2023-36603,High,October 2023 Security Updates,5031361,[],
,server04.<domain>.com,WindowsServer2019,10.0.17763.4851,x64,microsoft,windows_server_2019,10.0.17763.4851,CVE-2023-36605,High,October 2023 Security Updates,5031361,[],
,server04.<domain>.com,WindowsServer2019,10.0.17763.4851,x64,microsoft,windows_server_2019,10.0.17763.4851,CVE-2023-36606,High,October 2023 Security Updates,5031361,[],
,server04.<domain>.com,WindowsServer2019,10.0.17763.4851,x64,microsoft,windows_server_2019,10.0.17763.4851,CVE-2023-36696,High,December 2023 Security Updates,5033371,[],
,server04.<domain>.com,WindowsServer2019,10.0.17763.4851,x64,microsoft,windows_server_2019,10.0.17763.4851,CVE-2023-36701,High,October 2023 Security Updates,5031361,[],
,server04.<domain>.com,WindowsServer2019,10.0.17763.4851,x64,microsoft,windows_server_2019,10.0.17763.4851,CVE-2023-36702,High,October 2023 Security Updates,5031361,[],
,server04.<domain>.com,WindowsServer2019,10.0.17763.4851,x64,microsoft,windows_server_2019,10.0.17763.4851,CVE-2023-36703,High,October 2023 Security Updates,5031361,[],
,server04.<domain>.com,WindowsServer2019,10.0.17763.4851,x64,microsoft,windows_server_2019,10.0.17763.4851,CVE-2023-36704,High,October 2023 Security Updates,5031361,[],
,server04.<domain>.com,WindowsServer2019,10.0.17763.4851,x64,microsoft,windows_server_2019,10.0.17763.4851,CVE-2023-36705,High,November 2023 Security Updates,5032196,[],
,server04.<domain>.com,WindowsServer2019,10.0.17763.4851,x64,microsoft,windows_server_2019,10.0.17763.4851,CVE-2023-36709,High,October 2023 Security Updates,5031361,[],
,server04.<domain>.com,WindowsServer2019,10.0.17763.4851,x64,microsoft,windows_server_2019,10.0.17763.4851,CVE-2023-36710,High,October 2023 Security Updates,5031361,[],
,server04.<domain>.com,WindowsServer2019,10.0.17763.4851,x64,microsoft,windows_server_2019,10.0.17763.4851,CVE-2023-36711,High,October 2023 Security Updates,5031361,[],
,server04.<domain>.com,WindowsServer2019,10.0.17763.4851,x64,microsoft,windows_server_2019,10.0.17763.4851,CVE-2023-36712,High,October 2023 Security Updates,5031361,[],
,server04.<domain>.com,WindowsServer2019,10.0.17763.4851,x64,microsoft,windows_server_2019,10.0.17763.4851,CVE-2023-36718,High,October 2023 Security Updates,5031361,[],
,server04.<domain>.com,WindowsServer2019,10.0.17763.4851,x64,microsoft,windows_server_2019,10.0.17763.4851,CVE-2023-36719,High,November 2023 Security Updates,5032196,[],
,server04.<domain>.com,WindowsServer2019,10.0.17763.4851,x64,microsoft,windows_server_2019,10.0.17763.4851,CVE-2023-36720,High,October 2023 Security Updates,5031361,[],
,server04.<domain>.com,WindowsServer2019,10.0.17763.4851,x64,microsoft,windows_server_2019,10.0.17763.4851,CVE-2023-36721,High,October 2023 Security Updates,5031361,[],
,server04.<domain>.com,WindowsServer2019,10.0.17763.4851,x64,microsoft,windows_server_2019,10.0.17763.4851,CVE-2023-36723,High,October 2023 Security Updates,5031361,[],
,server04.<domain>.com,WindowsServer2019,10.0.17763.4851,x64,microsoft,windows_server_2019,10.0.17763.4851,CVE-2023-36725,High,October 2023 Security Updates,5031361,[],
,server04.<domain>.com,WindowsServer2019,10.0.17763.4851,x64,microsoft,windows_server_2019,10.0.17763.4851,CVE-2023-36726,High,October 2023 Security Updates,5031361,[],
,server04.<domain>.com,WindowsServer2019,10.0.17763.4851,x64,microsoft,windows_server_2019,10.0.17763.4851,CVE-2023-36729,High,October 2023 Security Updates,5031361,[],
,server04.<domain>.com,WindowsServer2019,10.0.17763.4851,x64,microsoft,windows_server_2019,10.0.17763.4851,CVE-2023-36731,High,October 2023 Security Updates,5031361,[],
,server04.<domain>.com,WindowsServer2019,10.0.17763.4851,x64,microsoft,windows_server_2019,10.0.17763.4851,CVE-2023-36732,High,October 2023 Security Updates,5031361,[],
,server04.<domain>.com,WindowsServer2019,10.0.17763.4851,x64,microsoft,windows_server_2019,10.0.17763.4851,CVE-2023-36743,High,October 2023 Security Updates,5031361,[],
,server04.<domain>.com,WindowsServer2019,10.0.17763.4851,x64,microsoft,windows_server_2019,10.0.17763.4851,CVE-2023-36776,High,October 2023 Security Updates,5031361,[],
,server04.<domain>.com,WindowsServer2019,10.0.17763.4851,x64,microsoft,windows_server_2019,10.0.17763.4851,CVE-2023-36902,High,October 2023 Security Updates,5031361,[],
,server04.<domain>.com,WindowsServer2019,10.0.17763.4851,x64,microsoft,windows_server_2019,10.0.17763.4851,CVE-2023-38039,High,October 2023 Security Updates (Last updated at November 2023),5032196,[],
,server04.<domain>.com,WindowsServer2019,10.0.17763.4851,x64,microsoft,windows_server_2019,10.0.17763.4851,CVE-2023-38159,High,October 2023 Security Updates,5031361,[],
,server04.<domain>.com,WindowsServer2019,10.0.17763.4851,x64,microsoft,windows_server_2019,10.0.17763.4851,CVE-2023-38166,High,October 2023 Security Updates,5031361,[],
,server04.<domain>.com,WindowsServer2019,10.0.17763.4851,x64,microsoft,windows_server_2019,10.0.17763.4851,CVE-2023-38545,High,October 2023 Security Updates (Last updated at November 2023),5032196,[],
,server04.<domain>.com,WindowsServer2019,10.0.17763.4851,x64,microsoft,windows_server_2019,10.0.17763.4851,CVE-2023-41765,High,October 2023 Security Updates,5031361,[],
,server04.<domain>.com,WindowsServer2019,10.0.17763.4851,x64,microsoft,windows_server_2019,10.0.17763.4851,CVE-2023-41766,High,October 2023 Security Updates,5031361,[],
,server04.<domain>.com,WindowsServer2019,10.0.17763.4851,x64,microsoft,windows_server_2019,10.0.17763.4851,CVE-2023-41767,High,October 2023 Security Updates,5031361,[],
,server04.<domain>.com,WindowsServer2019,10.0.17763.4851,x64,microsoft,windows_server_2019,10.0.17763.4851,CVE-2023-41768,High,October 2023 Security Updates,5031361,[],
,server04.<domain>.com,WindowsServer2019,10.0.17763.4851,x64,microsoft,windows_server_2019,10.0.17763.4851,CVE-2023-41769,High,October 2023 Security Updates,5031361,[],
,server04.<domain>.com,WindowsServer2019,10.0.17763.4851,x64,microsoft,windows_server_2019,10.0.17763.4851,CVE-2023-41770,High,October 2023 Security Updates,5031361,[],
,server04.<domain>.com,WindowsServer2019,10.0.17763.4851,x64,microsoft,windows_server_2019,10.0.17763.4851,CVE-2023-41771,High,October 2023 Security Updates,5031361,[],
,server04.<domain>.com,WindowsServer2019,10.0.17763.4851,x64,microsoft,windows_server_2019,10.0.17763.4851,CVE-2023-41772,High,October 2023 Security Updates,5031361,[],
,server04.<domain>.com,WindowsServer2019,10.0.17763.4851,x64,microsoft,windows_server_2019,10.0.17763.4851,CVE-2023-41773,High,October 2023 Security Updates,5031361,[],
,server04.<domain>.com,WindowsServer2019,10.0.17763.4851,x64,microsoft,windows_server_2019,10.0.17763.4851,CVE-2023-41774,High,October 2023 Security Updates,5031361,[],
,server04.<domain>.com,WindowsServer2019,10.0.17763.4851,x64,microsoft,windows_server_2019,10.0.17763.4851,CVE-2023-44487,High,October 2023 Security Updates,5031361,[],
,server04.<domain>.com,WindowsServer2019,10.0.17763.4851,x64,microsoft,windows_server_2019,10.0.17763.4851,CVE-2024-20652,High,January 2024 Security Updates,5034127,[],
,server04.<domain>.com,WindowsServer2019,10.0.17763.4851,x64,microsoft,windows_server_2019,10.0.17763.4851,CVE-2024-20653,High,January 2024 Security Updates,5034127,[],
,server04.<domain>.com,WindowsServer2019,10.0.17763.4851,x64,microsoft,windows_server_2019,10.0.17763.4851,CVE-2024-20654,High,January 2024 Security Updates,5034127,[],
,server04.<domain>.com,WindowsServer2019,10.0.17763.4851,x64,microsoft,windows_server_2019,10.0.17763.4851,CVE-2024-20657,High,January 2024 Security Updates,5034127,[],
,server04.<domain>.com,WindowsServer2019,10.0.17763.4851,x64,microsoft,windows_server_2019,10.0.17763.4851,CVE-2024-20658,High,January 2024 Security Updates,5034127,[],
,server04.<domain>.com,WindowsServer2019,10.0.17763.4851,x64,microsoft,windows_server_2019,10.0.17763.4851,CVE-2024-20661,High,January 2024 Security Updates,5034127,[],
,server04.<domain>.com,WindowsServer2019,10.0.17763.4851,x64,microsoft,windows_server_2019,10.0.17763.4851,CVE-2024-20674,High,January 2024 Security Updates,5034127,[],
,server04.<domain>.com,WindowsServer2019,10.0.17763.4851,x64,microsoft,windows_server_2019,10.0.17763.4851,CVE-2024-20682,High,January 2024 Security Updates,5034127,[],
,server04.<domain>.com,WindowsServer2019,10.0.17763.4851,x64,microsoft,windows_server_2019,10.0.17763.4851,CVE-2024-20683,High,January 2024 Security Updates,5034127,[],
,server04.<domain>.com,WindowsServer2019,10.0.17763.4851,x64,microsoft,windows_server_2019,10.0.17763.4851,CVE-2024-20687,High,January 2024 Security Updates,5034127,[],
,server04.<domain>.com,WindowsServer2019,10.0.17763.4851,x64,microsoft,windows_server_2019,10.0.17763.4851,CVE-2024-20696,High,January 2024 Security Updates,5034127,[],
,server04.<domain>.com,WindowsServer2019,10.0.17763.4851,x64,microsoft,windows_server_2019,10.0.17763.4851,CVE-2024-20698,High,January 2024 Security Updates,5034127,[],
,server04.<domain>.com,WindowsServer2019,10.0.17763.4851,x64,microsoft,windows_server_2019,10.0.17763.4851,CVE-2024-20700,High,January 2024 Security Updates,5034127,[],
,server04.<domain>.com,WindowsServer2019,10.0.17763.4851,x64,microsoft,windows_server_2019,10.0.17763.4851,CVE-2024-21307,High,January 2024 Security Updates,5034127,[],
,server04.<domain>.com,WindowsServer2019,10.0.17763.4851,x64,microsoft,windows_server_2019,10.0.17763.4851,CVE-2024-21310,High,January 2024 Security Updates,5034127,[],
,linux-server-01,Linux,amazon_linux_2,x64,amazon,bind-export-libs_for_linux,32:9.11.4-26.P2.amzn2.13,CVE-2023-2828,High,ALAS2-2023-2112 - Security Advisory 2023 July 05,ALAS2-2023-2112,[],
,linux-server-01,Linux,amazon_linux_2,x64,amazon,bind-export-libs_for_linux,32:9.11.4-26.P2.amzn2.13,CVE-2023-3341,High,ALAS2-2023-2273 - Security Advisory 2023 September 27,ALAS2-2023-2273,[],
,linux-server-01,Linux,amazon_linux_2,x64,amazon,bind-libs_for_linux,32:9.11.4-26.P2.amzn2.13,CVE-2023-2828,High,ALAS2-2023-2112 - Security Advisory 2023 July 05,ALAS2-2023-2112,[],
,linux-server-01,Linux,amazon_linux_2,x64,amazon,bind-libs_for_linux,32:9.11.4-26.P2.amzn2.13,CVE-2023-3341,High,ALAS2-2023-2273 - Security Advisory 2023 September 27,ALAS2-2023-2273,[],
,linux-server-01,Linux,amazon_linux_2,x64,amazon,bind-libs-lite_for_linux,32:9.11.4-26.P2.amzn2.13,CVE-2023-2828,High,ALAS2-2023-2112 - Security Advisory 2023 July 05,ALAS2-2023-2112,[],
,linux-server-01,Linux,amazon_linux_2,x64,amazon,bind-libs-lite_for_linux,32:9.11.4-26.P2.amzn2.13,CVE-2023-3341,High,ALAS2-2023-2273 - Security Advisory 2023 September 27,ALAS2-2023-2273,[],
,linux-server-01,Linux,amazon_linux_2,x64,amazon,bind-license_for_linux,32:9.11.4-26.P2.amzn2.13,CVE-2023-2828,High,ALAS2-2023-2112 - Security Advisory 2023 July 05,ALAS2-2023-2112,[],
,linux-server-01,Linux,amazon_linux_2,x64,amazon,bind-license_for_linux,32:9.11.4-26.P2.amzn2.13,CVE-2023-3341,High,ALAS2-2023-2273 - Security Advisory 2023 September 27,ALAS2-2023-2273,[],
,linux-server-01,Linux,amazon_linux_2,x64,amazon,bind-utils_for_linux,32:9.11.4-26.P2.amzn2.13,CVE-2023-2828,High,ALAS2-2023-2112 - Security Advisory 2023 July 05,ALAS2-2023-2112,[],
,linux-server-01,Linux,amazon_linux_2,x64,amazon,bind-utils_for_linux,32:9.11.4-26.P2.amzn2.13,CVE-2023-3341,High,ALAS2-2023-2273 - Security Advisory 2023 September 27,ALAS2-2023-2273,[],
,linux-server-01,Linux,amazon_linux_2,x64,amazon,binutils_for_linux,0:2.29.1-31.amzn2,CVE-2021-46174,High,ALAS2-2024-2401 - Security Advisory 2024 January 03,ALAS2-2024-2401,[],
,linux-server-01,Linux,amazon_linux_2,x64,amazon,ca-certificates_for_linux,0:2021.2.50-72.amzn2.0.7,CVE-2023-37920,High,ALAS2-2023-2224 - Security Advisory 2023 August 31,ALAS2-2023-2224,[],
,linux-server-01,Linux,amazon_linux_2,x64,amazon,cups-libs_for_linux,1:1.6.3-51.amzn2,CVE-2023-34241,High,ALAS2-2023-2109 - Security Advisory 2023 July 05,ALAS2-2023-2109,[],
,linux-server-01,Linux,amazon_linux_2,x64,amazon,cups-libs_for_linux,1:1.6.3-51.amzn2,CVE-2023-4504,High,ALAS2-2023-2293 - Security Advisory 2023 October 12,ALAS2-2023-2293,[],
,linux-server-01,Linux,amazon_linux_2,x64,amazon,curl_for_linux,0:7.88.1-1.amzn2.0.1,CVE-2023-27533,High,ALAS2-2023-2070 - Security Advisory 2023 June 05,ALAS2-2023-2070,[],
,linux-server-01,Linux,amazon_linux_2,x64,amazon,curl_for_linux,0:7.88.1-1.amzn2.0.1,CVE-2023-27534,High,ALAS2-2023-2070 - Security Advisory 2023 June 05,ALAS2-2023-2070,[],
,linux-server-01,Linux,amazon_linux_2,x64,amazon,curl_for_linux,0:7.88.1-1.amzn2.0.1,CVE-2023-27537,High,ALAS2-2023-2070 - Security Advisory 2023 June 05,ALAS2-2023-2070,[],
,linux-server-01,Linux,amazon_linux_2,x64,amazon,curl_for_linux,0:7.88.1-1.amzn2.0.1,CVE-2023-38039,High,ALAS2-2023-2271 - Security Advisory 2023 September 27,ALAS2-2023-2271,[],
,linux-server-01,Linux,amazon_linux_2,x64,amazon,curl_for_linux,0:7.88.1-1.amzn2.0.1,CVE-2023-38545,High,ALAS2-2023-2287 - Security Advisory 2023 October 10,ALAS2-2023-2287,[],
,linux-server-01,Linux,amazon_linux_2,x64,amazon,expat_for_linux,0:2.1.0-15.amzn2.0.2,CVE-2022-23990,Critical,ALAS2-2023-2280 - Security Advisory 2023 September 27,ALAS2-2023-2280,[],
,linux-server-01,Linux,amazon_linux_2,x64,amazon,fribidi_for_linux,0:1.0.2-1.amzn2.1,CVE-2022-25308,High,ALAS2-2023-2116 - Security Advisory 2023 July 05,ALAS2-2023-2116,[],
,linux-server-01,Linux,amazon_linux_2,x64,amazon,glib2_for_linux,0:2.56.1-9.amzn2.0.3,CVE-2015-8390,High,ALAS2-2023-2107 - Security Advisory 2023 June 21,ALAS2-2023-2107,[],
,linux-server-01,Linux,amazon_linux_2,x64,amazon,glib2_for_linux,0:2.56.1-9.amzn2.0.3,CVE-2015-8394,High,ALAS2-2023-2107 - Security Advisory 2023 June 21,ALAS2-2023-2107,[],
,linux-server-01,Linux,amazon_linux_2,x64,amazon,gmp_for_linux,1:6.0.0-15.amzn2.0.2,CVE-2021-43618,High,ALAS2-2023-2369 - Security Advisory 2023 November 29,ALAS2-2023-2369,[],
,linux-server-01,Linux,amazon_linux_2,x64,amazon,grub2_for_linux,1:2.06-9.amzn2.0.3,CVE-2021-3695,High,ALAS2-2023-2146 - Security Advisory 2023 July 17,ALAS2-2023-2146,[],
,linux-server-01,Linux,amazon_linux_2,x64,amazon,grub2_for_linux,1:2.06-9.amzn2.0.3,CVE-2021-3697,High,ALAS2-2023-2146 - Security Advisory 2023 July 17,ALAS2-2023-2146,[],
,linux-server-01,Linux,amazon_linux_2,x64,amazon,grub2_for_linux,1:2.06-9.amzn2.0.3,CVE-2022-2601,High,ALAS2-2023-2146 - Security Advisory 2023 July 17,ALAS2-2023-2146,[],
,linux-server-01,Linux,amazon_linux_2,x64,amazon,grub2_for_linux,1:2.06-9.amzn2.0.3,CVE-2022-28733,High,ALAS2-2023-2146 - Security Advisory 2023 July 17,ALAS2-2023-2146,[],
,linux-server-01,Linux,amazon_linux_2,x64,amazon,grub2_for_linux,1:2.06-9.amzn2.0.3,CVE-2022-28734,High,ALAS2-2023-2146 - Security Advisory 2023 July 17,ALAS2-2023-2146,[],
,linux-server-01,Linux,amazon_linux_2,x64,amazon,grub2_for_linux,1:2.06-9.amzn2.0.3,CVE-2022-3775,High,ALAS2-2023-2146 - Security Advisory 2023 July 17,ALAS2-2023-2146,[],
,linux-server-01,Linux,amazon_linux_2,x64,amazon,grub2-common_for_linux,1:2.06-9.amzn2.0.3,CVE-2021-3695,High,ALAS2-2023-2146 - Security Advisory 2023 July 17,ALAS2-2023-2146,[],
,linux-server-01,Linux,amazon_linux_2,x64,amazon,grub2-common_for_linux,1:2.06-9.amzn2.0.3,CVE-2021-3697,High,ALAS2-2023-2146 - Security Advisory 2023 July 17,ALAS2-2023-2146,[],
,linux-server-01,Linux,amazon_linux_2,x64,amazon,grub2-common_for_linux,1:2.06-9.amzn2.0.3,CVE-2022-2601,High,ALAS2-2023-2146 - Security Advisory 2023 July 17,ALAS2-2023-2146,[],
,linux-server-01,Linux,amazon_linux_2,x64,amazon,grub2-common_for_linux,1:2.06-9.amzn2.0.3,CVE-2022-28733,High,ALAS2-2023-2146 - Security Advisory 2023 July 17,ALAS2-2023-2146,[],
,linux-server-01,Linux,amazon_linux_2,x64,amazon,grub2-common_for_linux,1:2.06-9.amzn2.0.3,CVE-2022-28734,High,ALAS2-2023-2146 - Security Advisory 2023 July 17,ALAS2-2023-2146,[],
,linux-server-01,Linux,amazon_linux_2,x64,amazon,grub2-common_for_linux,1:2.06-9.amzn2.0.3,CVE-2022-3775,High,ALAS2-2023-2146 - Security Advisory 2023 July 17,ALAS2-2023-2146,[],
,linux-server-01,Linux,amazon_linux_2,x64,amazon,grub2-efi-x64-ec2_for_linux,1:2.06-9.amzn2.0.3,CVE-2021-3695,High,ALAS2-2023-2146 - Security Advisory 2023 July 17,ALAS2-2023-2146,[],
,linux-server-01,Linux,amazon_linux_2,x64,amazon,grub2-efi-x64-ec2_for_linux,1:2.06-9.amzn2.0.3,CVE-2021-3697,High,ALAS2-2023-2146 - Security Advisory 2023 July 17,ALAS2-2023-2146,[],
,linux-server-01,Linux,amazon_linux_2,x64,amazon,grub2-efi-x64-ec2_for_linux,1:2.06-9.amzn2.0.3,CVE-2022-2601,High,ALAS2-2023-2146 - Security Advisory 2023 July 17,ALAS2-2023-2146,[],
,linux-server-01,Linux,amazon_linux_2,x64,amazon,grub2-efi-x64-ec2_for_linux,1:2.06-9.amzn2.0.3,CVE-2022-28733,High,ALAS2-2023-2146 - Security Advisory 2023 July 17,ALAS2-2023-2146,[],
,linux-server-01,Linux,amazon_linux_2,x64,amazon,grub2-efi-x64-ec2_for_linux,1:2.06-9.amzn2.0.3,CVE-2022-28734,High,ALAS2-2023-2146 - Security Advisory 2023 July 17,ALAS2-2023-2146,[],
,linux-server-01,Linux,amazon_linux_2,x64,amazon,grub2-efi-x64-ec2_for_linux,1:2.06-9.amzn2.0.3,CVE-2022-3775,High,ALAS2-2023-2146 - Security Advisory 2023 July 17,ALAS2-2023-2146,[],
,linux-server-01,Linux,amazon_linux_2,x64,amazon,grub2-pc_for_linux,1:2.06-9.amzn2.0.3,CVE-2021-3695,High,ALAS2-2023-2146 - Security Advisory 2023 July 17,ALAS2-2023-2146,[],
,linux-server-01,Linux,amazon_linux_2,x64,amazon,grub2-pc-modules_for_linux,1:2.06-9.amzn2.0.3,CVE-2021-3697,High,ALAS2-2023-2146 - Security Advisory 2023 July 17,ALAS2-2023-2146,[],
,linux-server-01,Linux,amazon_linux_2,x64,amazon,grub2-pc-modules_for_linux,1:2.06-9.amzn2.0.3,CVE-2022-2601,High,ALAS2-2023-2146 - Security Advisory 2023 July 17,ALAS2-2023-2146,[],
,linux-server-01,Linux,amazon_linux_2,x64,amazon,grub2-pc-modules_for_linux,1:2.06-9.amzn2.0.3,CVE-2022-28733,High,ALAS2-2023-2146 - Security Advisory 2023 July 17,ALAS2-2023-2146,[],
,linux-server-01,Linux,amazon_linux_2,x64,amazon,grub2-pc-modules_for_linux,1:2.06-9.amzn2.0.3,CVE-2022-28734,High,ALAS2-2023-2146 - Security Advisory 2023 July 17,ALAS2-2023-2146,[],
,linux-server-01,Linux,amazon_linux_2,x64,amazon,grub2-pc-modules_for_linux,1:2.06-9.amzn2.0.3,CVE-2022-3775,High,ALAS2-2023-2146 - Security Advisory 2023 July 17,ALAS2-2023-2146,[],
,linux-server-01,Linux,amazon_linux_2,x64,amazon,grub2-tools_for_linux,1:2.06-9.amzn2.0.3,CVE-2021-3695,High,ALAS2-2023-2146 - Security Advisory 2023 July 17,ALAS2-2023-2146,[],
,linux-server-01,Linux,amazon_linux_2,x64,amazon,grub2-tools_for_linux,1:2.06-9.amzn2.0.3,CVE-2021-3697,High,ALAS2-2023-2146 - Security Advisory 2023 July 17,ALAS2-2023-2146,[],
,linux-server-01,Linux,amazon_linux_2,x64,amazon,grub2-tools_for_linux,1:2.06-9.amzn2.0.3,CVE-2022-2601,High,ALAS2-2023-2146 - Security Advisory 2023 July 17,ALAS2-2023-2146,[],
,linux-server-01,Linux,amazon_linux_2,x64,amazon,grub2-tools_for_linux,1:2.06-9.amzn2.0.3,CVE-2022-28733,High,ALAS2-2023-2146 - Security Advisory 2023 July 17,ALAS2-2023-2146,[],
,linux-server-01,Linux,amazon_linux_2,x64,amazon,grub2-tools_for_linux,1:2.06-9.amzn2.0.3,CVE-2022-28734,High,ALAS2-2023-2146 - Security Advisory 2023 July 17,ALAS2-2023-2146,[],
,linux-server-01,Linux,amazon_linux_2,x64,amazon,grub2-tools_for_linux,1:2.06-9.amzn2.0.3,CVE-2022-3775,High,ALAS2-2023-2146 - Security Advisory 2023 July 17,ALAS2-2023-2146,[],
,linux-server-01,Linux,amazon_linux_2,x64,amazon,grub2-tools-minimal_for_linux,1:2.06-9.amzn2.0.3,CVE-2021-3695,High,ALAS2-2023-2146 - Security Advisory 2023 July 17,ALAS2-2023-2146,[],
,linux-server-01,Linux,amazon_linux_2,x64,amazon,grub2-tools-minimal_for_linux,1:2.06-9.amzn2.0.3,CVE-2021-3697,High,ALAS2-2023-2146 - Security Advisory 2023 July 17,ALAS2-2023-2146,[],
,linux-server-01,Linux,amazon_linux_2,x64,amazon,grub2-tools-minimal_for_linux,1:2.06-9.amzn2.0.3,CVE-2022-2601,High,ALAS2-2023-2146 - Security Advisory 2023 July 17,ALAS2-2023-2146,[],
,linux-server-01,Linux,amazon_linux_2,x64,amazon,grub2-tools-minimal_for_linux,1:2.06-9.amzn2.0.3,CVE-2022-28733,High,ALAS2-2023-2146 - Security Advisory 2023 July 17,ALAS2-2023-2146,[],
,linux-server-01,Linux,amazon_linux_2,x64,amazon,grub2-tools-minimal_for_linux,1:2.06-9.amzn2.0.3,CVE-2022-28734,High,ALAS2-2023-2146 - Security Advisory 2023 July 17,ALAS2-2023-2146,[],
,linux-server-01,Linux,amazon_linux_2,x64,amazon,grub2-tools-minimal_for_linux,1:2.06-9.amzn2.0.3,CVE-2022-3775,High,ALAS2-2023-2146 - Security Advisory 2023 July 17,ALAS2-2023-2146,[],
,linux-server-01,Linux,amazon_linux_2,x64,amazon,httpd-filesystem_for_linux,0:2.4.57-1.amzn2,CVE-2023-31122,High,ALAS2-2023-2322 - Security Advisory 2023 October 30,ALAS2-2023-2322,[],
,linux-server-01,Linux,amazon_linux_2,x64,amazon,httpd-filesystem_for_linux,0:2.4.57-1.amzn2,CVE-2023-43622,High,ALAS2-2023-2322 - Security Advisory 2023 October 30,ALAS2-2023-2322,[],
,linux-server-01,Linux,amazon_linux_2,x64,amazon,httpd-filesystem_for_linux,0:2.4.57-1.amzn2,CVE-2023-45802,High,ALAS2-2023-2322 - Security Advisory 2023 October 30,ALAS2-2023-2322,[],
,linux-server-01,Linux,amazon_linux_2,x64,amazon,httpd-tools_for_linux,0:2.4.57-1.amzn2,CVE-2023-31122,High,ALAS2-2023-2322 - Security Advisory 2023 October 30,ALAS2-2023-2322,[],
,linux-server-01,Linux,amazon_linux_2,x64,amazon,httpd-tools_for_linux,0:2.4.57-1.amzn2,CVE-2023-43622,High,ALAS2-2023-2322 - Security Advisory 2023 October 30,ALAS2-2023-2322,[],
,linux-server-01,Linux,amazon_linux_2,x64,amazon,httpd-tools_for_linux,0:2.4.57-1.amzn2,CVE-2023-45802,High,ALAS2-2023-2322 - Security Advisory 2023 October 30,ALAS2-2023-2322,[],
,linux-server-01,Linux,amazon_linux_2,x64,amazon,kernel-headers_for_linux,0:4.14.314-237.533.amzn2,CVE-2022-2586,High,ALAS2-2023-2100 - Security Advisory 2023 June 21,ALAS2-2023-2100,[],
,linux-server-01,Linux,amazon_linux_2,x64,amazon,kernel-headers_for_linux,0:4.14.314-237.533.amzn2,CVE-2022-34918,High,ALAS2-2023-2100 - Security Advisory 2023 June 21,ALAS2-2023-2100,[],
,linux-server-01,Linux,amazon_linux_2,x64,amazon,kernel-headers_for_linux,0:4.14.314-237.533.amzn2,CVE-2023-3090,High,ALAS2-2023-2100 - Security Advisory 2023 June 21,ALAS2-2023-2100,[],
,linux-server-01,Linux,amazon_linux_2,x64,amazon,kernel-headers_for_linux,0:4.14.314-237.533.amzn2,CVE-2023-3111,High,ALAS2-2023-2100 - Security Advisory 2023 June 21,ALAS2-2023-2100,[],
,linux-server-01,Linux,amazon_linux_2,x64,amazon,kernel-headers_for_linux,0:4.14.314-237.533.amzn2,CVE-2023-32233,High,ALAS2-2023-2050 - Security Advisory 2023 May 25,ALAS2-2023-2050,[],
,linux-server-01,Linux,amazon_linux_2,x64,amazon,kernel-headers_for_linux,0:4.14.314-237.533.amzn2,CVE-2023-3390,High,ALAS2-2023-2268 - Security Advisory 2023 September 27,ALAS2-2023-2268,[],
,linux-server-01,Linux,amazon_linux_2,x64,amazon,kernel-headers_for_linux,0:4.14.314-237.533.amzn2,CVE-2023-3397,High,ALAS2-2023-2340 - Security Advisory 2023 November 09,ALAS2-2023-2340,[],
,linux-server-01,Linux,amazon_linux_2,x64,amazon,kernel-headers_for_linux,0:4.14.314-237.533.amzn2,CVE-2023-34324,High,ALAS2-2023-2328 - Security Advisory 2023 October 30,ALAS2-2023-2328,[],
,linux-server-01,Linux,amazon_linux_2,x64,amazon,kernel-headers_for_linux,0:4.14.314-237.533.amzn2,CVE-2023-35001,High,ALAS2-2023-2130 - Security Advisory 2023 July 17,ALAS2-2023-2130,[],
,linux-server-01,Linux,amazon_linux_2,x64,amazon,kernel-headers_for_linux,0:4.14.314-237.533.amzn2,CVE-2023-3609,High,ALAS2-2023-2179 - Security Advisory 2023 August 03,ALAS2-2023-2179,[],
,linux-server-01,Linux,amazon_linux_2,x64,amazon,kernel-headers_for_linux,0:4.14.314-237.533.amzn2,CVE-2023-3611,High,ALAS2-2023-2179 - Security Advisory 2023 August 03,ALAS2-2023-2179,[],
,linux-server-01,Linux,amazon_linux_2,x64,amazon,kernel-headers_for_linux,0:4.14.314-237.533.amzn2,CVE-2023-3776,High,ALAS2-2023-2179 - Security Advisory 2023 August 03,ALAS2-2023-2179,[],
,linux-server-01,Linux,amazon_linux_2,x64,amazon,kernel-headers_for_linux,0:4.14.314-237.533.amzn2,CVE-2023-39198,High,ALAS2-2024-2391 - Security Advisory 2024 January 03,ALAS2-2024-2391,[],
,linux-server-01,Linux,amazon_linux_2,x64,amazon,kernel-headers_for_linux,0:4.14.314-237.533.amzn2,CVE-2023-4206,High,ALAS2-2023-2268 - Security Advisory 2023 September 27,ALAS2-2023-2268,[],
,linux-server-01,Linux,amazon_linux_2,x64,amazon,kernel-headers_for_linux,0:4.14.314-237.533.amzn2,CVE-2023-4207,High,ALAS2-2023-2264 - Security Advisory 2023 September 27,ALAS2-2023-2264,[],
,linux-server-01,Linux,amazon_linux_2,x64,amazon,kernel-headers_for_linux,0:4.14.314-237.533.amzn2,CVE-2023-4208,High,ALAS2-2023-2268 - Security Advisory 2023 September 27,ALAS2-2023-2268,[],
,linux-server-01,Linux,amazon_linux_2,x64,amazon,kernel-headers_for_linux,0:4.14.314-237.533.amzn2,CVE-2023-42753,High,ALAS2-2023-2264 - Security Advisory 2023 September 27,ALAS2-2023-2264,[],
,linux-server-01,Linux,amazon_linux_2,x64,amazon,kernel-headers_for_linux,0:4.14.314-237.533.amzn2,CVE-2023-45871,Critical,ALAS2-2023-2264 - Security Advisory 2023 September 27,ALAS2-2023-2264,[],
,linux-server-01,Linux,amazon_linux_2,x64,amazon,kernel-headers_for_linux,0:4.14.314-237.533.amzn2,CVE-2023-4622,High,ALAS2-2023-2264 - Security Advisory 2023 September 27,ALAS2-2023-2264,[],
,linux-server-01,Linux,amazon_linux_2,x64,amazon,kernel-headers_for_linux,0:4.14.314-237.533.amzn2,CVE-2023-4623,High,ALAS2-2023-2264 - Security Advisory 2023 September 27,ALAS2-2023-2264,[],
,linux-server-01,Linux,amazon_linux_2,x64,amazon,kernel-headers_for_linux,0:4.14.314-237.533.amzn2,CVE-2023-4921,High,ALAS2-2023-2264 - Security Advisory 2023 September 27,ALAS2-2023-2264,[],
,linux-server-01,Linux,amazon_linux_2,x64,amazon,kernel-headers_for_linux,0:4.14.314-237.533.amzn2,CVE-2023-5717,High,ALAS2-2023-2340 - Security Advisory 2023 November 09,ALAS2-2023-2340,[],
,linux-server-01,Linux,amazon_linux_2,x64,amazon,kernel-headers_for_linux,0:4.14.314-237.533.amzn2,CVE-2023-6932,High,ALAS2-2024-2391 - Security Advisory 2024 January 03,ALAS2-2024-2391,[],
,linux-server-01,Linux,amazon_linux_2,x64,amazon,kernel-tools_for_linux,0:4.14.314-237.533.amzn2,CVE-2022-2586,High,ALAS2-2023-2100 - Security Advisory 2023 June 21,ALAS2-2023-2100,[],
,linux-server-01,Linux,amazon_linux_2,x64,amazon,kernel-tools_for_linux,0:4.14.314-237.533.amzn2,CVE-2022-34918,High,ALAS2-2023-2100 - Security Advisory 2023 June 21,ALAS2-2023-2100,[],
,linux-server-01,Linux,amazon_linux_2,x64,amazon,kernel-tools_for_linux,0:4.14.314-237.533.amzn2,CVE-2023-3090,High,ALAS2-2023-2100 - Security Advisory 2023 June 21,ALAS2-2023-2100,[],
,linux-server-01,Linux,amazon_linux_2,x64,amazon,kernel-tools_for_linux,0:4.14.314-237.533.amzn2,CVE-2023-3111,High,ALAS2-2023-2100 - Security Advisory 2023 June 21,ALAS2-2023-2100,[],
,linux-server-01,Linux,amazon_linux_2,x64,amazon,kernel-tools_for_linux,0:4.14.314-237.533.amzn2,CVE-2023-32233,High,ALAS2-2023-2050 - Security Advisory 2023 May 25,ALAS2-2023-2050,[],
,linux-server-01,Linux,amazon_linux_2,x64,amazon,kernel-tools_for_linux,0:4.14.314-237.533.amzn2,CVE-2023-3390,High,ALAS2-2023-2268 - Security Advisory 2023 September 27,ALAS2-2023-2268,[],
,linux-server-01,Linux,amazon_linux_2,x64,amazon,kernel-tools_for_linux,0:4.14.314-237.533.amzn2,CVE-2023-3397,High,ALAS2-2023-2340 - Security Advisory 2023 November 09,ALAS2-2023-2340,[],
,linux-server-01,Linux,amazon_linux_2,x64,amazon,kernel-tools_for_linux,0:4.14.314-237.533.amzn2,CVE-2023-34324,High,ALAS2-2023-2328 - Security Advisory 2023 October 30,ALAS2-2023-2328,[],
,linux-server-01,Linux,amazon_linux_2,x64,amazon,kernel-tools_for_linux,0:4.14.314-237.533.amzn2,CVE-2023-35001,High,ALAS2-2023-2130 - Security Advisory 2023 July 17,ALAS2-2023-2130,[],
,linux-server-01,Linux,amazon_linux_2,x64,amazon,kernel-tools_for_linux,0:4.14.314-237.533.amzn2,CVE-2023-3609,High,ALAS2-2023-2179 - Security Advisory 2023 August 03,ALAS2-2023-2179,[],
,linux-server-01,Linux,amazon_linux_2,x64,amazon,kernel-tools_for_linux,0:4.14.314-237.533.amzn2,CVE-2023-3611,High,ALAS2-2023-2179 - Security Advisory 2023 August 03,ALAS2-2023-2179,[],
,linux-server-01,Linux,amazon_linux_2,x64,amazon,kernel-tools_for_linux,0:4.14.314-237.533.amzn2,CVE-2023-3776,High,ALAS2-2023-2179 - Security Advisory 2023 August 03,ALAS2-2023-2179,[],
,linux-server-01,Linux,amazon_linux_2,x64,amazon,kernel-tools_for_linux,0:4.14.314-237.533.amzn2,CVE-2023-39198,High,ALAS2-2024-2391 - Security Advisory 2024 January 03,ALAS2-2024-2391,[],
,linux-server-01,Linux,amazon_linux_2,x64,amazon,kernel-tools_for_linux,0:4.14.314-237.533.amzn2,CVE-2023-4206,High,ALAS2-2023-2268 - Security Advisory 2023 September 27,ALAS2-2023-2268,[],
,linux-server-01,Linux,amazon_linux_2,x64,amazon,kernel-tools_for_linux,0:4.14.314-237.533.amzn2,CVE-2023-4207,High,ALAS2-2023-2264 - Security Advisory 2023 September 27,ALAS2-2023-2264,[],
,linux-server-01,Linux,amazon_linux_2,x64,amazon,kernel-tools_for_linux,0:4.14.314-237.533.amzn2,CVE-2023-4208,High,ALAS2-2023-2268 - Security Advisory 2023 September 27,ALAS2-2023-2268,[],
,linux-server-01,Linux,amazon_linux_2,x64,amazon,kernel-tools_for_linux,0:4.14.314-237.533.amzn2,CVE-2023-42753,High,ALAS2-2023-2264 - Security Advisory 2023 September 27,ALAS2-2023-2264,[],
,linux-server-01,Linux,amazon_linux_2,x64,amazon,kernel-tools_for_linux,0:4.14.314-237.533.amzn2,CVE-2023-45871,Critical,ALAS2-2023-2264 - Security Advisory 2023 September 27,ALAS2-2023-2264,[],
,linux-server-01,Linux,amazon_linux_2,x64,amazon,kernel-tools_for_linux,0:4.14.314-237.533.amzn2,CVE-2023-4622,High,ALAS2-2023-2264 - Security Advisory 2023 September 27,ALAS2-2023-2264,[],
,linux-server-01,Linux,amazon_linux_2,x64,amazon,kernel-tools_for_linux,0:4.14.314-237.533.amzn2,CVE-2023-4623,High,ALAS2-2023-2264 - Security Advisory 2023 September 27,ALAS2-2023-2264,[],
,linux-server-01,Linux,amazon_linux_2,x64,amazon,kernel-tools_for_linux,0:4.14.314-237.533.amzn2,CVE-2023-4921,High,ALAS2-2023-2264 - Security Advisory 2023 September 27,ALAS2-2023-2264,[],
,linux-server-01,Linux,amazon_linux_2,x64,amazon,kernel-tools_for_linux,0:4.14.314-237.533.amzn2,CVE-2023-5717,High,ALAS2-2023-2340 - Security Advisory 2023 November 09,ALAS2-2023-2340,[],
,linux-server-01,Linux,amazon_linux_2,x64,amazon,kernel-tools_for_linux,0:4.14.314-237.533.amzn2,CVE-2023-6932,High,ALAS2-2024-2391 - Security Advisory 2024 January 03,ALAS2-2024-2391,[],
,linux-server-01,Linux,amazon_linux_2,x64,amazon,krb5-devel_for_linux,0:1.15.1-55.amzn2.2.5,CVE-2023-36054,High,ALAS2-2023-2225 - Security Advisory 2023 August 31,ALAS2-2023-2225,[],
,linux-server-01,Linux,amazon_linux_2,x64,amazon,krb5-libs_for_linux,0:1.15.1-55.amzn2.2.5,CVE-2023-36054,High,ALAS2-2023-2225 - Security Advisory 2023 August 31,ALAS2-2023-2225,[],
,linux-server-01,Linux,amazon_linux_2,x64,amazon,libcurl_for_linux,0:7.88.1-1.amzn2.0.1,CVE-2023-27533,High,ALAS2-2023-2070 - Security Advisory 2023 June 05,ALAS2-2023-2070,[],
,linux-server-01,Linux,amazon_linux_2,x64,amazon,libcurl_for_linux,0:7.88.1-1.amzn2.0.1,CVE-2023-27534,High,ALAS2-2023-2070 - Security Advisory 2023 June 05,ALAS2-2023-2070,[],
,linux-server-01,Linux,amazon_linux_2,x64,amazon,libcurl_for_linux,0:7.88.1-1.amzn2.0.1,CVE-2023-27537,High,ALAS2-2023-2070 - Security Advisory 2023 June 05,ALAS2-2023-2070,[],
,linux-server-01,Linux,amazon_linux_2,x64,amazon,libcurl_for_linux,0:7.88.1-1.amzn2.0.1,CVE-2023-38039,High,ALAS2-2023-2271 - Security Advisory 2023 September 27,ALAS2-2023-2271,[],
,linux-server-01,Linux,amazon_linux_2,x64,amazon,libcurl_for_linux,0:7.88.1-1.amzn2.0.1,CVE-2023-38545,High,ALAS2-2023-2287 - Security Advisory 2023 October 10,ALAS2-2023-2287,[],
,linux-server-01,Linux,amazon_linux_2,x64,amazon,libcurl-devel_for_linux,0:7.88.1-1.amzn2.0.1,CVE-2023-27533,High,ALAS2-2023-2070 - Security Advisory 2023 June 05,ALAS2-2023-2070,[],
,linux-server-01,Linux,amazon_linux_2,x64,amazon,libcurl-devel_for_linux,0:7.88.1-1.amzn2.0.1,CVE-2023-27534,High,ALAS2-2023-2070 - Security Advisory 2023 June 05,ALAS2-2023-2070,[],
,linux-server-01,Linux,amazon_linux_2,x64,amazon,libcurl-devel_for_linux,0:7.88.1-1.amzn2.0.1,CVE-2023-27537,High,ALAS2-2023-2070 - Security Advisory 2023 June 05,ALAS2-2023-2070,[],
,linux-server-01,Linux,amazon_linux_2,x64,amazon,libcurl-devel_for_linux,0:7.88.1-1.amzn2.0.1,CVE-2023-38039,High,ALAS2-2023-2271 - Security Advisory 2023 September 27,ALAS2-2023-2271,[],
,linux-server-01,Linux,amazon_linux_2,x64,amazon,libcurl-devel_for_linux,0:7.88.1-1.amzn2.0.1,CVE-2023-38545,High,ALAS2-2023-2287 - Security Advisory 2023 October 10,ALAS2-2023-2287,[],
,linux-server-01,Linux,amazon_linux_2,x64,amazon,libfastjson_for_linux,0:0.99.4-3.amzn2,CVE-2020-12762,High,ALAS2-2023-2079 - Security Advisory 2023 June 05,ALAS2-2023-2079,[],
,linux-server-01,Linux,amazon_linux_2,x64,amazon,libgs_for_linux,0:9.25-5.amzn2.0.3,CVE-2020-21890,High,ALAS2-2023-2258 - Security Advisory 2023 September 13,ALAS2-2023-2258,[],
,linux-server-01,Linux,amazon_linux_2,x64,amazon,libkadm5_for_linux,0:1.15.1-55.amzn2.2.5,CVE-2023-36054,High,ALAS2-2023-2225 - Security Advisory 2023 August 31,ALAS2-2023-2225,[],
,linux-server-01,Linux,amazon_linux_2,x64,amazon,libnghttp2_for_linux,0:1.41.0-1.amzn2,CVE-2023-35945,High,ALAS2-2023-2180 - Security Advisory 2023 August 03,ALAS2-2023-2180,[],
,linux-server-01,Linux,amazon_linux_2,x64,amazon,libnghttp2_for_linux,0:1.41.0-1.amzn2,CVE-2023-44487,High,ALAS2-2023-2312 - Security Advisory 2023 October 16,ALAS2-2023-2312,[],
,linux-server-01,Linux,amazon_linux_2,x64,amazon,libraw_for_linux,0:0.14.8-5.amzn2.20120830git98d925.1,CVE-2021-32142,Critical,ALAS2-2023-2256 - Security Advisory 2023 September 13,ALAS2-2023-2256,[],
,linux-server-01,Linux,amazon_linux_2,x64,amazon,libssh2_for_linux,0:1.4.3-12.amzn2.2.4,CVE-2020-22218,High,ALAS2-2023-2257 - Security Advisory 2023 September 13,ALAS2-2023-2257,[],
,linux-server-01,Linux,amazon_linux_2,x64,amazon,libtiff_for_linux,0:4.0.3-35.amzn2.0.5,CVE-2022-2868,High,ALAS2-2023-2212 - Security Advisory 2023 August 17,ALAS2-2023-2212,[],
,linux-server-01,Linux,amazon_linux_2,x64,amazon,libwayland-client_for_linux,0:1.17.0-1.amzn2,CVE-2021-3782,Critical,ALAS2-2023-2103 - Security Advisory 2023 June 21,ALAS2-2023-2103,[],
,linux-server-01,Linux,amazon_linux_2,x64,amazon,libwayland-server_for_linux,0:1.17.0-1.amzn2,CVE-2021-3782,Critical,ALAS2-2023-2103 - Security Advisory 2023 June 21,ALAS2-2023-2103,[],
,linux-server-01,Linux,amazon_linux_2,x64,amazon,libx11_for_linux,0:1.6.7-3.amzn2.0.2,CVE-2023-43787,High,ALAS2-2023-2296 - Security Advisory 2023 October 12,ALAS2-2023-2296,[],
,linux-server-01,Linux,amazon_linux_2,x64,amazon,libx11-common_for_linux,0:1.6.7-3.amzn2.0.2,CVE-2023-43787,High,ALAS2-2023-2296 - Security Advisory 2023 October 12,ALAS2-2023-2296,[],
,linux-server-01,Linux,amazon_linux_2,x64,amazon,libxpm_for_linux,0:3.5.12-9.amzn2.0.1,CVE-2023-43787,High,ALAS2-2023-2295 - Security Advisory 2023 October 12,ALAS2-2023-2295,[],
,linux-server-01,Linux,amazon_linux_2,x64,amazon,microcode_ctl_for_linux,2:2.1-47.amzn2.0.14,CVE-2022-21216,High,ALAS2-2023-2056 - Security Advisory 2023 May 25,ALAS2-2023-2056,[],
,linux-server-01,Linux,amazon_linux_2,x64,amazon,microcode_ctl_for_linux,2:2.1-47.amzn2.0.14,CVE-2023-23583,High,ALAS2-2023-2341 - Security Advisory 2023 November 09,ALAS2-2023-2341,[],
,linux-server-01,Linux,amazon_linux_2,x64,amazon,oniguruma_for_linux,0:5.9.6-1.amzn2.0.4,CVE-2017-9224,High,ALAS2-2023-2217 - Security Advisory 2023 August 17,ALAS2-2023-2217,[],
,linux-server-01,Linux,amazon_linux_2,x64,amazon,oniguruma_for_linux,0:5.9.6-1.amzn2.0.4,CVE-2017-9226,High,ALAS2-2023-2311 - Security Advisory 2023 October 12,ALAS2-2023-2311,[],
,linux-server-01,Linux,amazon_linux_2,x64,amazon,oniguruma_for_linux,0:5.9.6-1.amzn2.0.4,CVE-2017-9227,High,ALAS2-2023-2311 - Security Advisory 2023 October 12,ALAS2-2023-2311,[],
,linux-server-01,Linux,amazon_linux_2,x64,amazon,oniguruma_for_linux,0:5.9.6-1.amzn2.0.4,CVE-2017-9228,High,ALAS2-2023-2311 - Security Advisory 2023 October 12,ALAS2-2023-2311,[],
,linux-server-01,Linux,amazon_linux_2,x64,amazon,openexr-libs_for_linux,0:1.7.1-8.amzn2.0.1,CVE-2021-20298,High,ALAS2-2023-2078 - Security Advisory 2023 June 05,ALAS2-2023-2078,[],
,linux-server-01,Linux,amazon_linux_2,x64,amazon,openssl_for_linux,1:1.0.2k-24.amzn2.0.6,CVE-2023-2650,High,ALAS2-2023-2073 - Security Advisory 2023 June 05,ALAS2-2023-2073,[],
,linux-server-01,Linux,amazon_linux_2,x64,amazon,openssl-devel_for_linux,1:1.0.2k-24.amzn2.0.6,CVE-2023-2650,High,ALAS2-2023-2073 - Security Advisory 2023 June 05,ALAS2-2023-2073,[],
,linux-server-01,Linux,amazon_linux_2,x64,amazon,openssl-libs_for_linux,1:1.0.2k-24.amzn2.0.6,CVE-2023-2650,High,ALAS2-2023-2073 - Security Advisory 2023 June 05,ALAS2-2023-2073,[],
,linux-server-01,Linux,amazon_linux_2,x64,amazon,openssl11-libs_for_linux,1:1.1.1g-12.amzn2.0.14,CVE-2023-2650,High,ALAS2-2023-2097 - Security Advisory 2023 June 21,ALAS2-2023-2097,[],
,linux-server-01,Linux,amazon_linux_2,x64,amazon,pcre_for_linux,0:8.32-17.amzn2.0.2,CVE-2015-8390,High,ALAS2-2023-2082 - Security Advisory 2023 June 05,ALAS2-2023-2082,[],
,linux-server-01,Linux,amazon_linux_2,x64,amazon,pcre_for_linux,0:8.32-17.amzn2.0.2,CVE-2015-8394,High,ALAS2-2023-2082 - Security Advisory 2023 June 05,ALAS2-2023-2082,[],
,linux-server-01,Linux,amazon_linux_2,x64,amazon,pcre-devel_for_linux,0:8.32-17.amzn2.0.2,CVE-2015-8390,High,ALAS2-2023-2082 - Security Advisory 2023 June 05,ALAS2-2023-2082,[],
,linux-server-01,Linux,amazon_linux_2,x64,amazon,pcre-devel_for_linux,0:8.32-17.amzn2.0.2,CVE-2015-8394,High,ALAS2-2023-2082 - Security Advisory 2023 June 05,ALAS2-2023-2082,[],
,linux-server-01,Linux,amazon_linux_2,x64,amazon,perl-http-tiny_for_linux,0:0.033-3.amzn2,CVE-2023-31486,High,ALAS2-2023-2093 - Security Advisory 2023 June 21,ALAS2-2023-2093,[],
,linux-server-01,Linux,amazon_linux_2,x64,amazon,perl-pod-perldoc_for_linux,0:3.20-4.amzn2,CVE-2023-31486,High,ALAS2-2023-2094 - Security Advisory 2023 June 21,ALAS2-2023-2094,[],
,linux-server-01,Linux,amazon_linux_2,x64,amazon,python-ipaddress_for_linux,0:1.0.16-2.amzn2,CVE-2020-14422,High,ALAS2-2023-2174 - Security Advisory 2023 July 20,ALAS2-2023-2174,[],
,linux-server-01,Linux,amazon_linux_2,x64,amazon,python-pillow_for_linux,0:2.0.0-23.gitd1c6db8.amzn2.0.1,CVE-2014-3007,High,ALAS2-2023-2286 - Security Advisory 2023 September 27,ALAS2-2023-2286,[],
,linux-server-01,Linux,amazon_linux_2,x64,amazon,python-pillow_for_linux,0:2.0.0-23.gitd1c6db8.amzn2.0.1,CVE-2016-9190,High,ALAS2-2023-2083 - Security Advisory 2023 June 05,ALAS2-2023-2083,[],
,linux-server-01,Linux,amazon_linux_2,x64,amazon,python-pillow_for_linux,0:2.0.0-23.gitd1c6db8.amzn2.0.1,CVE-2021-23437,High,ALAS2-2023-2118 - Security Advisory 2023 July 05,ALAS2-2023-2118,[],
,linux-server-01,Linux,amazon_linux_2,x64,amazon,python-pillow_for_linux,0:2.0.0-23.gitd1c6db8.amzn2.0.1,CVE-2021-25290,High,ALAS2-2023-2087 - Security Advisory 2023 June 07,ALAS2-2023-2087,[],
,linux-server-01,Linux,amazon_linux_2,x64,amazon,python-pillow_for_linux,0:2.0.0-23.gitd1c6db8.amzn2.0.1,CVE-2021-34552,Critical,ALAS2-2023-2083 - Security Advisory 2023 June 05,ALAS2-2023-2083,[],
,linux-server-01,Linux,amazon_linux_2,x64,amazon,python3_for_linux,0:3.7.16-1.amzn2.0.2,CVE-2023-40217,High,ALAS2-2023-2222 - Security Advisory 2023 August 31,ALAS2-2023-2222,[],
,linux-server-01,Linux,amazon_linux_2,x64,amazon,python3-libs_for_linux,0:3.7.16-1.amzn2.0.2,CVE-2023-40217,High,ALAS2-2023-2222 - Security Advisory 2023 August 31,ALAS2-2023-2222,[],
,linux-server-01,Linux,amazon_linux_2,x64,amazon,python3-pip_for_linux,0:20.2.2-1.amzn2.0.3,CVE-2020-14422,High,ALAS2-2023-2151 - Security Advisory 2023 July 17,ALAS2-2023-2151,[],
,linux-server-01,Linux,amazon_linux_2,x64,amazon,rsync_for_linux,0:3.1.2-11.amzn2.0.1,CVE-2022-37434,High,ALAS2-2023-2074 - Security Advisory 2023 June 05,ALAS2-2023-2074,[],
,linux-server-01,Linux,amazon_linux_2,x64,amazon,ruby_for_linux,0:2.0.0.648-36.amzn2.0.3,CVE-2017-9224,High,ALAS2-2023-2201 - Security Advisory 2023 August 03,ALAS2-2023-2201,[],
,linux-server-01,Linux,amazon_linux_2,x64,amazon,ruby_for_linux,0:2.0.0.648-36.amzn2.0.3,CVE-2021-41817,High,ALAS2-2023-2345 - Security Advisory 2023 November 09,ALAS2-2023-2345,[],
,linux-server-01,Linux,amazon_linux_2,x64,amazon,ruby_for_linux,0:2.0.0.648-36.amzn2.0.3,CVE-2023-28756,High,ALAS2-2023-2084 - Security Advisory 2023 June 07,ALAS2-2023-2084,[],
,linux-server-01,Linux,amazon_linux_2,x64,amazon,ruby-devel_for_linux,0:2.0.0.648-36.amzn2.0.3,CVE-2017-9224,High,ALAS2-2023-2201 - Security Advisory 2023 August 03,ALAS2-2023-2201,[],
,linux-server-01,Linux,amazon_linux_2,x64,amazon,ruby-devel_for_linux,0:2.0.0.648-36.amzn2.0.3,CVE-2021-41817,High,ALAS2-2023-2345 - Security Advisory 2023 November 09,ALAS2-2023-2345,[],
,linux-server-01,Linux,amazon_linux_2,x64,amazon,ruby-devel_for_linux,0:2.0.0.648-36.amzn2.0.3,CVE-2023-28756,High,ALAS2-2023-2084 - Security Advisory 2023 June 07,ALAS2-2023-2084,[],
,linux-server-01,Linux,amazon_linux_2,x64,amazon,ruby-irb_for_linux,0:2.0.0.648-36.amzn2.0.3,CVE-2017-9224,High,ALAS2-2023-2201 - Security Advisory 2023 August 03,ALAS2-2023-2201,[],
,linux-server-01,Linux,amazon_linux_2,x64,amazon,ruby-irb_for_linux,0:2.0.0.648-36.amzn2.0.3,CVE-2021-41817,High,ALAS2-2023-2345 - Security Advisory 2023 November 09,ALAS2-2023-2345,[],
,linux-server-01,Linux,amazon_linux_2,x64,amazon,ruby-irb_for_linux,0:2.0.0.648-36.amzn2.0.3,CVE-2023-28756,High,ALAS2-2023-2084 - Security Advisory 2023 June 07,ALAS2-2023-2084,[],
,linux-server-01,Linux,amazon_linux_2,x64,amazon,ruby-libs_for_linux,0:2.0.0.648-36.amzn2.0.3,CVE-2017-9224,High,ALAS2-2023-2201 - Security Advisory 2023 August 03,ALAS2-2023-2201,[],
,linux-server-01,Linux,amazon_linux_2,x64,amazon,ruby-libs_for_linux,0:2.0.0.648-36.amzn2.0.3,CVE-2021-41817,High,ALAS2-2023-2345 - Security Advisory 2023 November 09,ALAS2-2023-2345,[],
,linux-server-01,Linux,amazon_linux_2,x64,amazon,ruby-libs_for_linux,0:2.0.0.648-36.amzn2.0.3,CVE-2023-28756,High,ALAS2-2023-2084 - Security Advisory 2023 June 07,ALAS2-2023-2084,[],
,linux-server-01,Linux,amazon_linux_2,x64,amazon,rubygem-bigdecimal_for_linux,0:1.2.0-36.amzn2.0.3,CVE-2017-9224,High,ALAS2-2023-2201 - Security Advisory 2023 August 03,ALAS2-2023-2201,[],
,linux-server-01,Linux,amazon_linux_2,x64,amazon,rubygem-bigdecimal_for_linux,0:1.2.0-36.amzn2.0.3,CVE-2021-41817,High,ALAS2-2023-2345 - Security Advisory 2023 November 09,ALAS2-2023-2345,[],
,linux-server-01,Linux,amazon_linux_2,x64,amazon,rubygem-bigdecimal_for_linux,0:1.2.0-36.amzn2.0.3,CVE-2023-28756,High,ALAS2-2023-2084 - Security Advisory 2023 June 07,ALAS2-2023-2084,[],
,linux-server-01,Linux,amazon_linux_2,x64,amazon,rubygem-io-console_for_linux,0:0.4.2-36.amzn2.0.3,CVE-2017-9224,High,ALAS2-2023-2201 - Security Advisory 2023 August 03,ALAS2-2023-2201,[],
,linux-server-01,Linux,amazon_linux_2,x64,amazon,rubygem-io-console_for_linux,0:0.4.2-36.amzn2.0.3,CVE-2021-41817,High,ALAS2-2023-2345 - Security Advisory 2023 November 09,ALAS2-2023-2345,[],
,linux-server-01,Linux,amazon_linux_2,x64,amazon,rubygem-io-console_for_linux,0:0.4.2-36.amzn2.0.3,CVE-2023-28756,High,ALAS2-2023-2084 - Security Advisory 2023 June 07,ALAS2-2023-2084,[],
,linux-server-01,Linux,amazon_linux_2,x64,amazon,rubygem-json_for_linux,0:1.7.7-36.amzn2.0.3,CVE-2017-9224,High,ALAS2-2023-2201 - Security Advisory 2023 August 03,ALAS2-2023-2201,[],
,linux-server-01,Linux,amazon_linux_2,x64,amazon,rubygem-json_for_linux,0:1.7.7-36.amzn2.0.3,CVE-2021-41817,High,ALAS2-2023-2345 - Security Advisory 2023 November 09,ALAS2-2023-2345,[],
,linux-server-01,Linux,amazon_linux_2,x64,amazon,rubygem-json_for_linux,0:1.7.7-36.amzn2.0.3,CVE-2023-28756,High,ALAS2-2023-2084 - Security Advisory 2023 June 07,ALAS2-2023-2084,[],
,linux-server-01,Linux,amazon_linux_2,x64,amazon,rubygem-psych_for_linux,0:2.0.0-36.amzn2.0.3,CVE-2017-9224,High,ALAS2-2023-2201 - Security Advisory 2023 August 03,ALAS2-2023-2201,[],
,linux-server-01,Linux,amazon_linux_2,x64,amazon,rubygem-psych_for_linux,0:2.0.0-36.amzn2.0.3,CVE-2021-41817,High,ALAS2-2023-2345 - Security Advisory 2023 November 09,ALAS2-2023-2345,[],
,linux-server-01,Linux,amazon_linux_2,x64,amazon,rubygem-psych_for_linux,0:2.0.0-36.amzn2.0.3,CVE-2023-28756,High,ALAS2-2023-2084 - Security Advisory 2023 June 07,ALAS2-2023-2084,[],
,linux-server-01,Linux,amazon_linux_2,x64,amazon,rubygem-rdoc_for_linux,0:4.0.0-36.amzn2.0.3,CVE-2017-9224,High,ALAS2-2023-2201 - Security Advisory 2023 August 03,ALAS2-2023-2201,[],
,linux-server-01,Linux,amazon_linux_2,x64,amazon,rubygem-rdoc_for_linux,0:4.0.0-36.amzn2.0.3,CVE-2021-41817,High,ALAS2-2023-2345 - Security Advisory 2023 November 09,ALAS2-2023-2345,[],
,linux-server-01,Linux,amazon_linux_2,x64,amazon,rubygem-rdoc_for_linux,0:4.0.0-36.amzn2.0.3,CVE-2023-28756,High,ALAS2-2023-2084 - Security Advisory 2023 June 07,ALAS2-2023-2084,[],
,linux-server-01,Linux,amazon_linux_2,x64,amazon,rubygems_for_linux,0:2.0.14.1-36.amzn2.0.3,CVE-2017-9224,High,ALAS2-2023-2201 - Security Advisory 2023 August 03,ALAS2-2023-2201,[],
,linux-server-01,Linux,amazon_linux_2,x64,amazon,rubygems_for_linux,0:2.0.14.1-36.amzn2.0.3,CVE-2021-41817,High,ALAS2-2023-2345 - Security Advisory 2023 November 09,ALAS2-2023-2345,[],
,linux-server-01,Linux,amazon_linux_2,x64,amazon,rubygems_for_linux,0:2.0.14.1-36.amzn2.0.3,CVE-2023-28756,High,ALAS2-2023-2084 - Security Advisory 2023 June 07,ALAS2-2023-2084,[],
,linux-server-01,Linux,amazon_linux_2,x64,amazon,sysstat_for_linux,0:10.1.5-18.amzn2.0.2,CVE-2023-33204,High,ALAS2-2023-2068 - Security Advisory 2023 June 05,ALAS2-2023-2068,[],
,linux-server-01,Linux,amazon_linux_2,x64,amazon,vim-common_for_linux,2:9.0.1403-1.amzn2.0.2,CVE-2023-2609,High,ALAS2-2023-2085 - Security Advisory 2023 June 07,ALAS2-2023-2085,[],
,linux-server-01,Linux,amazon_linux_2,x64,amazon,vim-common_for_linux,2:9.0.1403-1.amzn2.0.2,CVE-2023-4733,High,ALAS2-2023-2266 - Security Advisory 2023 September 27,ALAS2-2023-2266,[],
,linux-server-01,Linux,amazon_linux_2,x64,amazon,vim-common_for_linux,2:9.0.1403-1.amzn2.0.2,CVE-2023-4734,High,ALAS2-2023-2266 - Security Advisory 2023 September 27,ALAS2-2023-2266,[],
,linux-server-01,Linux,amazon_linux_2,x64,amazon,vim-common_for_linux,2:9.0.1403-1.amzn2.0.2,CVE-2023-4738,High,ALAS2-2023-2266 - Security Advisory 2023 September 27,ALAS2-2023-2266,[],
,linux-server-01,Linux,amazon_linux_2,x64,amazon,vim-common_for_linux,2:9.0.1403-1.amzn2.0.2,CVE-2023-4750,High,ALAS2-2023-2266 - Security Advisory 2023 September 27,ALAS2-2023-2266,[],
,linux-server-01,Linux,amazon_linux_2,x64,amazon,vim-common_for_linux,2:9.0.1403-1.amzn2.0.2,CVE-2023-4751,High,ALAS2-2023-2266 - Security Advisory 2023 September 27,ALAS2-2023-2266,[],
,linux-server-01,Linux,amazon_linux_2,x64,amazon,vim-common_for_linux,2:9.0.1403-1.amzn2.0.2,CVE-2023-4752,High,ALAS2-2023-2266 - Security Advisory 2023 September 27,ALAS2-2023-2266,[],
,linux-server-01,Linux,amazon_linux_2,x64,amazon,vim-common_for_linux,2:9.0.1403-1.amzn2.0.2,CVE-2023-4781,High,ALAS2-2023-2266 - Security Advisory 2023 September 27,ALAS2-2023-2266,[],
,linux-server-01,Linux,amazon_linux_2,x64,amazon,vim-common_for_linux,2:9.0.1403-1.amzn2.0.2,CVE-2023-5535,High,ALAS2-2023-2319 - Security Advisory 2023 October 30,ALAS2-2023-2319,[],
,linux-server-01,Linux,amazon_linux_2,x64,amazon,vim-data_for_linux,2:9.0.1403-1.amzn2.0.2,CVE-2023-2609,High,ALAS2-2023-2085 - Security Advisory 2023 June 07,ALAS2-2023-2085,[],
,linux-server-01,Linux,amazon_linux_2,x64,amazon,vim-data_for_linux,2:9.0.1403-1.amzn2.0.2,CVE-2023-4733,High,ALAS2-2023-2266 - Security Advisory 2023 September 27,ALAS2-2023-2266,[],
,linux-server-01,Linux,amazon_linux_2,x64,amazon,vim-data_for_linux,2:9.0.1403-1.amzn2.0.2,CVE-2023-4734,High,ALAS2-2023-2266 - Security Advisory 2023 September 27,ALAS2-2023-2266,[],
,linux-server-01,Linux,amazon_linux_2,x64,amazon,vim-data_for_linux,2:9.0.1403-1.amzn2.0.2,CVE-2023-4738,High,ALAS2-2023-2266 - Security Advisory 2023 September 27,ALAS2-2023-2266,[],
,linux-server-01,Linux,amazon_linux_2,x64,amazon,vim-data_for_linux,2:9.0.1403-1.amzn2.0.2,CVE-2023-4750,High,ALAS2-2023-2266 - Security Advisory 2023 September 27,ALAS2-2023-2266,[],
,linux-server-01,Linux,amazon_linux_2,x64,amazon,vim-data_for_linux,2:9.0.1403-1.amzn2.0.2,CVE-2023-4751,High,ALAS2-2023-2266 - Security Advisory 2023 September 27,ALAS2-2023-2266,[],
,linux-server-01,Linux,amazon_linux_2,x64,amazon,vim-data_for_linux,2:9.0.1403-1.amzn2.0.2,CVE-2023-4752,High,ALAS2-2023-2266 - Security Advisory 2023 September 27,ALAS2-2023-2266,[],
,linux-server-01,Linux,amazon_linux_2,x64,amazon,vim-data_for_linux,2:9.0.1403-1.amzn2.0.2,CVE-2023-4781,High,ALAS2-2023-2266 - Security Advisory 2023 September 27,ALAS2-2023-2266,[],
,linux-server-01,Linux,amazon_linux_2,x64,amazon,vim-data_for_linux,2:9.0.1403-1.amzn2.0.2,CVE-2023-5535,High,ALAS2-2023-2319 - Security Advisory 2023 October 30,ALAS2-2023-2319,[],
,linux-server-01,Linux,amazon_linux_2,x64,amazon,vim-enhanced_for_linux,2:9.0.1403-1.amzn2.0.2,CVE-2023-2609,High,ALAS2-2023-2085 - Security Advisory 2023 June 07,ALAS2-2023-2085,[],
,linux-server-01,Linux,amazon_linux_2,x64,amazon,vim-enhanced_for_linux,2:9.0.1403-1.amzn2.0.2,CVE-2023-4733,High,ALAS2-2023-2266 - Security Advisory 2023 September 27,ALAS2-2023-2266,[],
,linux-server-01,Linux,amazon_linux_2,x64,amazon,vim-enhanced_for_linux,2:9.0.1403-1.amzn2.0.2,CVE-2023-4734,High,ALAS2-2023-2266 - Security Advisory 2023 September 27,ALAS2-2023-2266,[],
,linux-server-01,Linux,amazon_linux_2,x64,amazon,vim-enhanced_for_linux,2:9.0.1403-1.amzn2.0.2,CVE-2023-4738,High,ALAS2-2023-2266 - Security Advisory 2023 September 27,ALAS2-2023-2266,[],
,linux-server-01,Linux,amazon_linux_2,x64,amazon,vim-enhanced_for_linux,2:9.0.1403-1.amzn2.0.2,CVE-2023-4750,High,ALAS2-2023-2266 - Security Advisory 2023 September 27,ALAS2-2023-2266,[],
,linux-server-01,Linux,amazon_linux_2,x64,amazon,vim-enhanced_for_linux,2:9.0.1403-1.amzn2.0.2,CVE-2023-4751,High,ALAS2-2023-2266 - Security Advisory 2023 September 27,ALAS2-2023-2266,[],
,linux-server-01,Linux,amazon_linux_2,x64,amazon,vim-enhanced_for_linux,2:9.0.1403-1.amzn2.0.2,CVE-2023-4752,High,ALAS2-2023-2266 - Security Advisory 2023 September 27,ALAS2-2023-2266,[],
,linux-server-01,Linux,amazon_linux_2,x64,amazon,vim-enhanced_for_linux,2:9.0.1403-1.amzn2.0.2,CVE-2023-4781,High,ALAS2-2023-2266 - Security Advisory 2023 September 27,ALAS2-2023-2266,[],
,linux-server-01,Linux,amazon_linux_2,x64,amazon,vim-enhanced_for_linux,2:9.0.1403-1.amzn2.0.2,CVE-2023-5535,High,ALAS2-2023-2319 - Security Advisory 2023 October 30,ALAS2-2023-2319,[],
,linux-server-01,Linux,amazon_linux_2,x64,amazon,vim-filesystem_for_linux,2:9.0.1403-1.amzn2.0.2,CVE-2023-2609,High,ALAS2-2023-2085 - Security Advisory 2023 June 07,ALAS2-2023-2085,[],
,linux-server-01,Linux,amazon_linux_2,x64,amazon,vim-filesystem_for_linux,2:9.0.1403-1.amzn2.0.2,CVE-2023-4733,High,ALAS2-2023-2266 - Security Advisory 2023 September 27,ALAS2-2023-2266,[],
,linux-server-01,Linux,amazon_linux_2,x64,amazon,vim-filesystem_for_linux,2:9.0.1403-1.amzn2.0.2,CVE-2023-4734,High,ALAS2-2023-2266 - Security Advisory 2023 September 27,ALAS2-2023-2266,[],
,linux-server-01,Linux,amazon_linux_2,x64,amazon,vim-filesystem_for_linux,2:9.0.1403-1.amzn2.0.2,CVE-2023-4738,High,ALAS2-2023-2266 - Security Advisory 2023 September 27,ALAS2-2023-2266,[],
,linux-server-01,Linux,amazon_linux_2,x64,amazon,vim-filesystem_for_linux,2:9.0.1403-1.amzn2.0.2,CVE-2023-4750,High,ALAS2-2023-2266 - Security Advisory 2023 September 27,ALAS2-2023-2266,[],
,linux-server-01,Linux,amazon_linux_2,x64,amazon,vim-filesystem_for_linux,2:9.0.1403-1.amzn2.0.2,CVE-2023-4751,High,ALAS2-2023-2266 - Security Advisory 2023 September 27,ALAS2-2023-2266,[],
,linux-server-01,Linux,amazon_linux_2,x64,amazon,vim-filesystem_for_linux,2:9.0.1403-1.amzn2.0.2,CVE-2023-4752,High,ALAS2-2023-2266 - Security Advisory 2023 September 27,ALAS2-2023-2266,[],
,linux-server-01,Linux,amazon_linux_2,x64,amazon,vim-filesystem_for_linux,2:9.0.1403-1.amzn2.0.2,CVE-2023-4781,High,ALAS2-2023-2266 - Security Advisory 2023 September 27,ALAS2-2023-2266,[],
,linux-server-01,Linux,amazon_linux_2,x64,amazon,vim-filesystem_for_linux,2:9.0.1403-1.amzn2.0.2,CVE-2023-5535,High,ALAS2-2023-2319 - Security Advisory 2023 October 30,ALAS2-2023-2319,[],
,linux-server-01,Linux,amazon_linux_2,x64,amazon,vim-minimal_for_linux,2:9.0.1403-1.amzn2.0.2,CVE-2023-2609,High,ALAS2-2023-2085 - Security Advisory 2023 June 07,ALAS2-2023-2085,[],
,linux-server-01,Linux,amazon_linux_2,x64,amazon,vim-minimal_for_linux,2:9.0.1403-1.amzn2.0.2,CVE-2023-4733,High,ALAS2-2023-2266 - Security Advisory 2023 September 27,ALAS2-2023-2266,[],
,linux-server-01,Linux,amazon_linux_2,x64,amazon,vim-minimal_for_linux,2:9.0.1403-1.amzn2.0.2,CVE-2023-4734,High,ALAS2-2023-2266 - Security Advisory 2023 September 27,ALAS2-2023-2266,[],
,linux-server-01,Linux,amazon_linux_2,x64,amazon,vim-minimal_for_linux,2:9.0.1403-1.amzn2.0.2,CVE-2023-4738,High,ALAS2-2023-2266 - Security Advisory 2023 September 27,ALAS2-2023-2266,[],
,linux-server-01,Linux,amazon_linux_2,x64,amazon,vim-minimal_for_linux,2:9.0.1403-1.amzn2.0.2,CVE-2023-4750,High,ALAS2-2023-2266 - Security Advisory 2023 September 27,ALAS2-2023-2266,[],
,linux-server-01,Linux,amazon_linux_2,x64,amazon,vim-minimal_for_linux,2:9.0.1403-1.amzn2.0.2,CVE-2023-4751,High,ALAS2-2023-2266 - Security Advisory 2023 September 27,ALAS2-2023-2266,[],
,linux-server-01,Linux,amazon_linux_2,x64,amazon,vim-minimal_for_linux,2:9.0.1403-1.amzn2.0.2,CVE-2023-4752,High,ALAS2-2023-2266 - Security Advisory 2023 September 27,ALAS2-2023-2266,[],
,linux-server-01,Linux,amazon_linux_2,x64,amazon,vim-minimal_for_linux,2:9.0.1403-1.amzn2.0.2,CVE-2023-4781,High,ALAS2-2023-2266 - Security Advisory 2023 September 27,ALAS2-2023-2266,[],
,linux-server-01,Linux,amazon_linux_2,x64,amazon,vim-minimal_for_linux,2:9.0.1403-1.amzn2.0.2,CVE-2023-5535,High,ALAS2-2023-2319 - Security Advisory 2023 October 30,ALAS2-2023-2319,[],
,server10.<domain>.com,WindowsServer2016,10.0.14393.6529,x64,microsoft,windows_server_2016,10.0.14393.6529,CVE-2024-20652,High,January 2024 Security Updates,5034119,[],
,server10.<domain>.com,WindowsServer2016,10.0.14393.6529,x64,microsoft,windows_server_2016,10.0.14393.6529,CVE-2024-20653,High,January 2024 Security Updates,5034119,[],
,server10.<domain>.com,WindowsServer2016,10.0.14393.6529,x64,microsoft,windows_server_2016,10.0.14393.6529,CVE-2024-20654,High,January 2024 Security Updates,5034119,[],
,server10.<domain>.com,WindowsServer2016,10.0.14393.6529,x64,microsoft,windows_server_2016,10.0.14393.6529,CVE-2024-20657,High,January 2024 Security Updates,5034119,[],
,server10.<domain>.com,WindowsServer2016,10.0.14393.6529,x64,microsoft,windows_server_2016,10.0.14393.6529,CVE-2024-20658,High,January 2024 Security Updates,5034119,[],
,server10.<domain>.com,WindowsServer2016,10.0.14393.6529,x64,microsoft,windows_server_2016,10.0.14393.6529,CVE-2024-20661,High,January 2024 Security Updates,5034119,[],
,server10.<domain>.com,WindowsServer2016,10.0.14393.6529,x64,microsoft,windows_server_2016,10.0.14393.6529,CVE-2024-20674,High,January 2024 Security Updates,5034119,[],
,server10.<domain>.com,WindowsServer2016,10.0.14393.6529,x64,microsoft,windows_server_2016,10.0.14393.6529,CVE-2024-20682,High,January 2024 Security Updates,5034119,[],
,server10.<domain>.com,WindowsServer2016,10.0.14393.6529,x64,microsoft,windows_server_2016,10.0.14393.6529,CVE-2024-20683,High,January 2024 Security Updates,5034119,[],
,server10.<domain>.com,WindowsServer2016,10.0.14393.6529,x64,microsoft,windows_server_2016,10.0.14393.6529,CVE-2024-20687,High,January 2024 Security Updates,5034119,[],
,server10.<domain>.com,WindowsServer2016,10.0.14393.6529,x64,microsoft,windows_server_2016,10.0.14393.6529,CVE-2024-21307,High,January 2024 Security Updates,5034119,[],
,server09.<domain>.com,WindowsServer2016,10.0.14393.6529,x64,microsoft,windows_server_2016,10.0.14393.6529,CVE-2024-20652,High,January 2024 Security Updates,5034119,[],
,server09.<domain>.com,WindowsServer2016,10.0.14393.6529,x64,microsoft,windows_server_2016,10.0.14393.6529,CVE-2024-20653,High,January 2024 Security Updates,5034119,[],
,server09.<domain>.com,WindowsServer2016,10.0.14393.6529,x64,microsoft,windows_server_2016,10.0.14393.6529,CVE-2024-20654,High,January 2024 Security Updates,5034119,[],
,server09.<domain>.com,WindowsServer2016,10.0.14393.6529,x64,microsoft,windows_server_2016,10.0.14393.6529,CVE-2024-20657,High,January 2024 Security Updates,5034119,[],
,server09.<domain>.com,WindowsServer2016,10.0.14393.6529,x64,microsoft,windows_server_2016,10.0.14393.6529,CVE-2024-20658,High,January 2024 Security Updates,5034119,[],
,server09.<domain>.com,WindowsServer2016,10.0.14393.6529,x64,microsoft,windows_server_2016,10.0.14393.6529,CVE-2024-20661,High,January 2024 Security Updates,5034119,[],
,server09.<domain>.com,WindowsServer2016,10.0.14393.6529,x64,microsoft,windows_server_2016,10.0.14393.6529,CVE-2024-20674,High,January 2024 Security Updates,5034119,[],
,server09.<domain>.com,WindowsServer2016,10.0.14393.6529,x64,microsoft,windows_server_2016,10.0.14393.6529,CVE-2024-20682,High,January 2024 Security Updates,5034119,[],
,server09.<domain>.com,WindowsServer2016,10.0.14393.6529,x64,microsoft,windows_server_2016,10.0.14393.6529,CVE-2024-20683,High,January 2024 Security Updates,5034119,[],
,server09.<domain>.com,WindowsServer2016,10.0.14393.6529,x64,microsoft,windows_server_2016,10.0.14393.6529,CVE-2024-20687,High,January 2024 Security Updates,5034119,[],
,server09.<domain>.com,WindowsServer2016,10.0.14393.6529,x64,microsoft,windows_server_2016,10.0.14393.6529,CVE-2024-21307,High,January 2024 Security Updates,5034119,[],
,server08.<domain>.com,WindowsServer2019,10.0.17763.5206,x64,microsoft,windows_server_2019,10.0.17763.5206,CVE-2022-35737,High,January 2024 Security Updates,5034127,[],
,server08.<domain>.com,WindowsServer2019,10.0.17763.5206,x64,microsoft,windows_server_2019,10.0.17763.5206,CVE-2024-20652,High,January 2024 Security Updates,5034127,[],
,server08.<domain>.com,WindowsServer2019,10.0.17763.5206,x64,microsoft,windows_server_2019,10.0.17763.5206,CVE-2024-20653,High,January 2024 Security Updates,5034127,[],
,server08.<domain>.com,WindowsServer2019,10.0.17763.5206,x64,microsoft,windows_server_2019,10.0.17763.5206,CVE-2024-20654,High,January 2024 Security Updates,5034127,[],
,server08.<domain>.com,WindowsServer2019,10.0.17763.5206,x64,microsoft,windows_server_2019,10.0.17763.5206,CVE-2024-20657,High,January 2024 Security Updates,5034127,[],
,server08.<domain>.com,WindowsServer2019,10.0.17763.5206,x64,microsoft,windows_server_2019,10.0.17763.5206,CVE-2024-20658,High,January 2024 Security Updates,5034127,[],
,server08.<domain>.com,WindowsServer2019,10.0.17763.5206,x64,microsoft,windows_server_2019,10.0.17763.5206,CVE-2024-20661,High,January 2024 Security Updates,5034127,[],
,server08.<domain>.com,WindowsServer2019,10.0.17763.5206,x64,microsoft,windows_server_2019,10.0.17763.5206,CVE-2024-20674,High,January 2024 Security Updates,5034127,[],
,server08.<domain>.com,WindowsServer2019,10.0.17763.5206,x64,microsoft,windows_server_2019,10.0.17763.5206,CVE-2024-20682,High,January 2024 Security Updates,5034127,[],
,server08.<domain>.com,WindowsServer2019,10.0.17763.5206,x64,microsoft,windows_server_2019,10.0.17763.5206,CVE-2024-20683,High,January 2024 Security Updates,5034127,[],
,server08.<domain>.com,WindowsServer2019,10.0.17763.5206,x64,microsoft,windows_server_2019,10.0.17763.5206,CVE-2024-20687,High,January 2024 Security Updates,5034127,[],
,server08.<domain>.com,WindowsServer2019,10.0.17763.5206,x64,microsoft,windows_server_2019,10.0.17763.5206,CVE-2024-20696,High,January 2024 Security Updates,5034127,[],
,server08.<domain>.com,WindowsServer2019,10.0.17763.5206,x64,microsoft,windows_server_2019,10.0.17763.5206,CVE-2024-20698,High,January 2024 Security Updates,5034127,[],
,server08.<domain>.com,WindowsServer2019,10.0.17763.5206,x64,microsoft,windows_server_2019,10.0.17763.5206,CVE-2024-20700,High,January 2024 Security Updates,5034127,[],
,server08.<domain>.com,WindowsServer2019,10.0.17763.5206,x64,microsoft,windows_server_2019,10.0.17763.5206,CVE-2024-21307,High,January 2024 Security Updates,5034127,[],
,server08.<domain>.com,WindowsServer2019,10.0.17763.5206,x64,microsoft,windows_server_2019,10.0.17763.5206,CVE-2024-21310,High,January 2024 Security Updates,5034127,[],
,server07.<domain>.com,WindowsServer2016,10.0.14393.6529,x64,microsoft,windows_server_2016,10.0.14393.6529,CVE-2024-20652,High,January 2024 Security Updates,5034119,[],
,server07.<domain>.com,WindowsServer2016,10.0.14393.6529,x64,microsoft,windows_server_2016,10.0.14393.6529,CVE-2024-20653,High,January 2024 Security Updates,5034119,[],
,server07.<domain>.com,WindowsServer2016,10.0.14393.6529,x64,microsoft,windows_server_2016,10.0.14393.6529,CVE-2024-20654,High,January 2024 Security Updates,5034119,[],
,server07.<domain>.com,WindowsServer2016,10.0.14393.6529,x64,microsoft,windows_server_2016,10.0.14393.6529,CVE-2024-20657,High,January 2024 Security Updates,5034119,[],
,server07.<domain>.com,WindowsServer2016,10.0.14393.6529,x64,microsoft,windows_server_2016,10.0.14393.6529,CVE-2024-20658,High,January 2024 Security Updates,5034119,[],
,server07.<domain>.com,WindowsServer2016,10.0.14393.6529,x64,microsoft,windows_server_2016,10.0.14393.6529,CVE-2024-20661,High,January 2024 Security Updates,5034119,[],
,server07.<domain>.com,WindowsServer2016,10.0.14393.6529,x64,microsoft,windows_server_2016,10.0.14393.6529,CVE-2024-20674,High,January 2024 Security Updates,5034119,[],
,server07.<domain>.com,WindowsServer2016,10.0.14393.6529,x64,microsoft,windows_server_2016,10.0.14393.6529,CVE-2024-20682,High,January 2024 Security Updates,5034119,[],
,server07.<domain>.com,WindowsServer2016,10.0.14393.6529,x64,microsoft,windows_server_2016,10.0.14393.6529,CVE-2024-20683,High,January 2024 Security Updates,5034119,[],
,server07.<domain>.com,WindowsServer2016,10.0.14393.6529,x64,microsoft,windows_server_2016,10.0.14393.6529,CVE-2024-20687,High,January 2024 Security Updates,5034119,[],
,server07.<domain>.com,WindowsServer2016,10.0.14393.6529,x64,microsoft,windows_server_2016,10.0.14393.6529,CVE-2024-21307,High,January 2024 Security Updates,5034119,[],
,server05.<domain>.com,WindowsServer2016,10.0.14393.6529,x64,microsoft,windows_server_2016,10.0.14393.6529,CVE-2024-20652,High,January 2024 Security Updates,5034119,[],
,server05.<domain>.com,WindowsServer2016,10.0.14393.6529,x64,microsoft,windows_server_2016,10.0.14393.6529,CVE-2024-20653,High,January 2024 Security Updates,5034119,[],
,server05.<domain>.com,WindowsServer2016,10.0.14393.6529,x64,microsoft,windows_server_2016,10.0.14393.6529,CVE-2024-20654,High,January 2024 Security Updates,5034119,[],
,server05.<domain>.com,WindowsServer2016,10.0.14393.6529,x64,microsoft,windows_server_2016,10.0.14393.6529,CVE-2024-20657,High,January 2024 Security Updates,5034119,[],
,server05.<domain>.com,WindowsServer2016,10.0.14393.6529,x64,microsoft,windows_server_2016,10.0.14393.6529,CVE-2024-20658,High,January 2024 Security Updates,5034119,[],
,server05.<domain>.com,WindowsServer2016,10.0.14393.6529,x64,microsoft,windows_server_2016,10.0.14393.6529,CVE-2024-20661,High,January 2024 Security Updates,5034119,[],
,server05.<domain>.com,WindowsServer2016,10.0.14393.6529,x64,microsoft,windows_server_2016,10.0.14393.6529,CVE-2024-20674,High,January 2024 Security Updates,5034119,[],
,server05.<domain>.com,WindowsServer2016,10.0.14393.6529,x64,microsoft,windows_server_2016,10.0.14393.6529,CVE-2024-20682,High,January 2024 Security Updates,5034119,[],
,server05.<domain>.com,WindowsServer2016,10.0.14393.6529,x64,microsoft,windows_server_2016,10.0.14393.6529,CVE-2024-20683,High,January 2024 Security Updates,5034119,[],
,server05.<domain>.com,WindowsServer2016,10.0.14393.6529,x64,microsoft,windows_server_2016,10.0.14393.6529,CVE-2024-20687,High,January 2024 Security Updates,5034119,[],
,server05.<domain>.com,WindowsServer2016,10.0.14393.6529,x64,microsoft,windows_server_2016,10.0.14393.6529,CVE-2024-21307,High,January 2024 Security Updates,5034119,[],
,server06.<domain>.com,WindowsServer2016,10.0.14393.6529,x64,microsoft,windows_server_2016,10.0.14393.6529,CVE-2024-20652,High,January 2024 Security Updates,5034119,[],
,server06.<domain>.com,WindowsServer2016,10.0.14393.6529,x64,microsoft,windows_server_2016,10.0.14393.6529,CVE-2024-20653,High,January 2024 Security Updates,5034119,[],
,server06.<domain>.com,WindowsServer2016,10.0.14393.6529,x64,microsoft,windows_server_2016,10.0.14393.6529,CVE-2024-20654,High,January 2024 Security Updates,5034119,[],
,server06.<domain>.com,WindowsServer2016,10.0.14393.6529,x64,microsoft,windows_server_2016,10.0.14393.6529,CVE-2024-20657,High,January 2024 Security Updates,5034119,[],
,server06.<domain>.com,WindowsServer2016,10.0.14393.6529,x64,microsoft,windows_server_2016,10.0.14393.6529,CVE-2024-20658,High,January 2024 Security Updates,5034119,[],
,server06.<domain>.com,WindowsServer2016,10.0.14393.6529,x64,microsoft,windows_server_2016,10.0.14393.6529,CVE-2024-20661,High,January 2024 Security Updates,5034119,[],
,server06.<domain>.com,WindowsServer2016,10.0.14393.6529,x64,microsoft,windows_server_2016,10.0.14393.6529,CVE-2024-20674,High,January 2024 Security Updates,5034119,[],
,server06.<domain>.com,WindowsServer2016,10.0.14393.6529,x64,microsoft,windows_server_2016,10.0.14393.6529,CVE-2024-20682,High,January 2024 Security Updates,5034119,[],
,server06.<domain>.com,WindowsServer2016,10.0.14393.6529,x64,microsoft,windows_server_2016,10.0.14393.6529,CVE-2024-20683,High,January 2024 Security Updates,5034119,[],
,server06.<domain>.com,WindowsServer2016,10.0.14393.6529,x64,microsoft,windows_server_2016,10.0.14393.6529,CVE-2024-20687,High,January 2024 Security Updates,5034119,[],
,server06.<domain>.com,WindowsServer2016,10.0.14393.6529,x64,microsoft,windows_server_2016,10.0.14393.6529,CVE-2024-21307,High,January 2024 Security Updates,5034119,[],
